"ECO_COD";"SOCIETA";"ECO_MIR";"ECO_GRP_1";"ECO_GRP_2";"ECO_GRP_3";"ECO_GRP_4";"ECO_GRP_5";"ECO_DSC"
"236_040_0120_1000000000330";"236";"040";"0120";"_";"_";"_";"_";"COMMISSIONI SEGNALAZIONE PARTNERS BANCA SELLA -TRACE"
"236_020_0043_1000000000386";"236";"020";"0043";"_";"_";"_";"_";"COMMISSIONI ATTIVE RTO NON DEPOSITANTI PER SIM SOTTO SOGLIA"
"236_020_0065_1000000000427";"236";"020";"0065";"_";"_";"_";"_";"COMPENSO SEGNALAZIONE CLIENTI PER RACCOLTA DI CAPITALI TRAMITE PORTALI ONLINE"
"236_020_0043_1000000003640";"236";"020";"0043";"_";"_";"_";"_";"COMMISSIONI RICEZ.TRASM.ORDINI PER SIM - DIFFERENZA STIMA BILANCIO ANNO PREC"
"236_040_0115_POS_10C2000000065";"236";"040";"0115";"POS";"_";"_";"_";"SUCCESS FEE TRANSATO ACQUIRING ECOMMERCE E POS_POS"
"236_020_0050_10D5000000016";"236";"020";"0050";"_";"_";"_";"_";"COMMISSIONI ATTIVE PER SEGNALAZIONE SIP ALLE SOCIETA'' PRODOTTO"
"236_040_0115_POS_10D5000000087";"236";"040";"0115";"POS";"_";"_";"_";"ATTIVAZIONE POS AXERVE_POS"
"236_040_0115_ATM_10D5000007065";"236";"040";"0115";"ATM";"_";"_";"_";"CANONE ATTIVO - ATM_ATM"
"236_040_0115_CAR_10P1000000031";"236";"040";"0115";"CAR";"_";"_";"_";"ASSISTENZA CLIENTI - TOT_CAR"
"236_040_0115_CAR_10P1000002640";"236";"040";"0115";"CAR";"_";"_";"_";"TOT - ASSISTENZA CLIENTI - DIFFERENZA STIMA BILANCIO ANNO PREC_CAR"
"236_040_0115_CAR_10P2000000010";"236";"040";"0115";"CAR";"_";"_";"_";"CORRISPETTIVI PER OBBLIGHI CONTRATTI TOT - VARIABILE CARTE_CAR"
"236_040_0115_CAR_2200000000059";"236";"040";"0115";"CAR";"_";"_";"_";"COMMISSIONI PASSIVE PRELIEVI CONTANTI TOT_CAR"
"236_020_0045_2200000004608";"236";"020";"0045";"_";"_";"_";"_";"COMM CUSTODIA ED AMMINISTRAZIONE TITOLI"
"236_020_0043_22D5000000161";"236";"020";"0043";"_";"_";"_";"_";"COMMISSIONI PASSIVE RETROCESSIONE RICEZIONE TRASMISSIONE ORDINI SIM vs BPS"
"236_040_0115_POS_22D5000000300";"236";"040";"0115";"POS";"_";"_";"_";"COMMISSIONI PASS ACQUIRING POS ECOMMERCE FBK_POS"
"236_040_0110_22D5000000301";"236";"040";"0110";"_";"_";"_";"_";"COMMISSIONI PASS RETROCESS SELLA CASH FBK"
"236_040_0115_POS_22D5000013640";"236";"040";"0115";"POS";"_";"_";"_";"COMMISSIONI PASS ACQUIRING POS ECOMMERCE FBK DIFFERENZA STIMA_POS"
"236_020_0043_22D5000016640";"236";"020";"0043";"_";"_";"_";"_";"COMMISSIONI PASSIVE ACCORDO RETROCESSIONE RICEZIONE TRASMISSIONE ORDINI SIM vs BPS - DIFFERENZA STIMA BILANCIO ANNO PREC"
"236_020_0065_2300000000084";"236";"020";"0065";"_";"_";"_";"_";"RECUPERO COMMISSIONI PASSIVE PROMOTORI SERVIZIO CONSULENZA ESERCIZI PRECEDENTI"
"236_020_0070_2811000000640";"236";"020";"0070";"_";"_";"_";"_";"DIFFERENZA DI STIMA SERVIZIO TRADE REPOSITORY"
"236_020_0070_2811000000644";"236";"020";"0070";"_";"_";"_";"_";"SERVIZIO TRADE REPOSITORY VARIABILE - TRAFFICO DTCC"
"236_040_0115_COM_2829000000109";"236";"040";"0115";"COM";"_";"_";"_";"TRAFFICO MYBANK_COM"
"236_040_0110_2829000000110";"236";"040";"0110";"_";"_";"_";"_";"SPESE SERVIZIO RETE INTERBANCARIA"
"236_040_0115_CAR_2829000000110";"236";"040";"0115";"CAR";"_";"_";"_";"SPESE SERVIZIO RETE INTERBANCARIA_CAR"
"236_040_0115_COM_2829000000112";"236";"040";"0115";"COM";"_";"_";"_";"SPESE SERVIZIO E-COMMERCE_COM"
"236_040_0115_CAR_2829000000532";"236";"040";"0115";"CAR";"_";"_";"_";"SERVIZIO CARTE_CAR"
"236_040_0115_POS_2829000000589";"236";"040";"0115";"POS";"_";"_";"_";"SERVIZIO POS_POS"
"236_040_0110_2829000003640";"236";"040";"0110";"_";"_";"_";"_";"SPESE SERVIZIO RETE INTERBANCARIA - DIFFERENZA STIMA"
"236_040_0115_CAR_2844000000001";"236";"040";"0115";"CAR";"_";"_";"_";"COSTO PER SERVIZIO SMS_CAR"
"236_040_0115_ATM_2881000000584";"236";"040";"0115";"ATM";"_";"_";"_";"SERVIZIO BANCOMAT_ATM"
"236_040_0110_2894000000081";"236";"040";"0110";"_";"_";"_";"_";"SWIFT - SEGNAL. U.I.C. (TARGET) - TRAFFICO"
"236_040_0110_2894000000640";"236";"040";"0110";"_";"_";"_";"_";"SWIFT - SEGNAL. U.I.C. (TARGET) - TRAFFICO - DIFFERENZA STIMA BILANCIO ANNO PREC"
"236_040_0115_POS_2895000000001";"236";"040";"0115";"POS";"_";"_";"_";"CANONE TRASMISSIONE DATI ACQUIRING_POS"
"236_040_0115_POS_28B1000000640";"236";"040";"0115";"POS";"_";"_";"_";"CONTRIBUTI ENASARCO E FIRR - DIFFERENZA STIMA BILANCIO ANNO PREC_POS"
"236_040_0115_POS_28B1000001000";"236";"040";"0115";"POS";"_";"_";"_";"CONTRIBUTO ENASARCO AGENTI_POS"
"236_040_0115_POS_28CC000000605";"236";"040";"0115";"POS";"_";"_";"_";"COSTO CIRCUITO UPI_POS"
"236_040_0115_CAR_28CC000000612";"236";"040";"0115";"CAR";"_";"_";"_";"APPLE PAY_CAR"
"236_040_0115_CAR_28CC000000613";"236";"040";"0115";"CAR";"_";"_";"_";"AUTORIZZATIVO SIA_CAR"
"236_040_0115_COM_28CC000000613";"236";"040";"0115";"COM";"_";"_";"_";"AUTORIZZATIVO SIA_COM"
"236_040_0115_POS_28CC000000613";"236";"040";"0115";"POS";"_";"_";"_";"AUTORIZZATIVO SIA_POS"
"236_040_0115_POS_28CC000000614";"236";"040";"0115";"POS";"_";"_";"_";"AUTORIZZATIVO NEXI_POS"
"236_040_0115_ATM_28CC000000720";"236";"040";"0115";"ATM";"_";"_";"_";"COSTO CIRCUITI_ATM"
"236_040_0115_COM_28CC000000720";"236";"040";"0115";"COM";"_";"_";"_";"COSTO CIRCUITI_COM"
"236_040_0115_POS_28CC000000720";"236";"040";"0115";"POS";"_";"_";"_";"COSTO CIRCUITI_POS"
"236_040_0115_CAR_28CC000000720";"236";"040";"0115";"CAR";"_";"_";"_";"COSTO CIRCUITI_CAR"
"236_040_0115_CAR_28CC000000726";"236";"040";"0115";"CAR";"_";"_";"_";"COSTO CIRCUITO BANCOMAT_CAR"
"236_040_0115_POS_28CC000000726";"236";"040";"0115";"POS";"_";"_";"_";"COSTO CIRCUITO BANCOMAT_POS"
"236_040_0115_COM_28CC000000726";"236";"040";"0115";"COM";"_";"_";"_";"COSTO CIRCUITO BANCOMAT_COM"
"236_040_0115_CAR_28CC000000730";"236";"040";"0115";"CAR";"_";"_";"_";"MINORI COSTI CIRCUITI PER SCONTI_CAR"
"236_040_0115_POS_28CC000000731";"236";"040";"0115";"POS";"_";"_";"_";"SERVIZIO AUTORIZZATIVO CLEARING BANCOMAT DISCOVER_POS"
"236_040_0110_28D5000000070";"236";"040";"0110";"_";"_";"_";"_";"SPESE SERVIZIO RETE INTERBANCARIA INCASSA BSH PAGA BSE"
"236_040_0115_COM_28F1000000163";"236";"040";"0115";"COM";"_";"_";"_";"IVA SU SERVIZI IN OUTSOURCING_COM"
"236_040_0115_CAR_28F1000000163";"236";"040";"0115";"CAR";"_";"_";"_";"IVA SU SERVIZI IN OUTSOURCING_CAR"
"236_040_0115_POS_28F1000000163";"236";"040";"0115";"POS";"_";"_";"_";"IVA SU SERVIZI IN OUTSOURCING_POS"
"236_040_0115_POS_1000000000473";"236";"040";"0115";"POS";"_";"_";"_";"COMMISSIONE ATTIVA PER ACCETTAZIONE SERVIZIO TECNICO AIR POS_POS"
"236_020_0045_10P1000000193";"236";"020";"0045";"_";"_";"_";"_";"ALTRI PROVENTI DI GESTIONE - ADDEBITO SERVIZIO SMS INVESTIMENTI"
"236_020_0060_10B4000000103";"236";"020";"0060";"_";"_";"_";"_";"AMISSIMA RAMO I"
"236_040_0115_COM_1000000000015";"236";"040";"0115";"COM";"_";"_";"_";"ALTRI PROVENTI DI GESTIONE - ATTIVAZIONE ESERCENTI_COM"
"236_040_0115_POS_10D5000000113";"236";"040";"0115";"POS";"_";"_";"_";"CORRISPETTIVI DA AXERVE PER OFFERTA FLAT ACQUIRING CARTE DI CREDITO_POS"
"236_040_0115_POS_10D5000000118";"236";"040";"0115";"POS";"_";"_";"_";"CORRISPETTIVI DA AXERVE PER OFFERTA FLAT ACQUIRING PAGOBANCOMAT_POS"
"236_040_0120_10D5000000307";"236";"040";"0120";"_";"_";"_";"_";"COMMISSIONI ATTIVE BONIFICI ESTERI AXERVE"
"236_040_0120_0800000000032";"236";"040";"0120";"_";"_";"_";"_";"BROKERAGGIO ASSEGNI ESTERO"
"236_020_0070_0800000000412";"236";"020";"0070";"_";"_";"_";"_";"BROKERAGGIO BANCONOTE (costo approvvigionamento)"
"236_040_0120_0800000000437";"236";"040";"0120";"_";"_";"_";"_";"BROKERAGGIO BONIFICI"
"236_020_0040_0800000000008";"236";"020";"0040";"_";"_";"_";"_";"BROKERAGGIO DERIVATI"
"236_020_0070_0800000000368";"236";"020";"0070";"_";"_";"_";"_";"DIFFERENZA CAMBI"
"236_020_0070_0800000000033";"236";"020";"0070";"_";"_";"_";"_";"BROKERAGGIO RESIDUO"
"236_020_0070_0800000000030";"236";"020";"0070";"_";"_";"_";"_";"BROKERAGGIO ESTERO MERCI"
"236_040_0115_CAR_0800000000013";"236";"040";"0115";"CAR";"_";"_";"_";"BROKERAGGIO GESTIONE COMMISSIONI SU MONTE DI MONETA ELETTRONICA HYPE_CAR"
"236_040_0120_0800000000031";"236";"040";"0120";"_";"_";"_";"_";"BROKERAGGIO - STORNI"
"236_020_0070_0800000000432";"236";"020";"0070";"_";"_";"_";"_";"BROKERAGGIO TITOLI"
"236_040_0110_1000000000222";"236";"040";"0110";"_";"_";"_";"_";"COMM ATTIVE AGGIUNTIVE BONIFICI INSTANT"
"236_040_0115_COM_10C2000000351";"236";"040";"0115";"COM";"_";"_";"_";"COMM ACQUIRER DA PAY PAL_COM"
"236_040_0115_POS_10C2000000350";"236";"040";"0115";"POS";"_";"_";"_";"COMM ACQUIRER DA ALTRE COMPAGNIE_POS"
"236_040_0115_COM_10C2000000350";"236";"040";"0115";"COM";"_";"_";"_";"COMM ACQUIRER DA ALTRE COMPAGNIE_COM"
"236_040_0115_POS_10P1000000038";"236";"040";"0115";"POS";"_";"_";"_";"CANONE ATTIVO SERVIZIO TECNICO AIR POS_POS"
"236_040_0110_1000000000200";"236";"040";"0110";"_";"_";"_";"_";"CANONE PER DOMICILIAZIONE MANDATI SDD SEDA"
"236_040_0115_POS_10P1000000450";"236";"040";"0115";"POS";"_";"_";"_";"CANONI PER SERVIZIO POS_POS"
"236_040_0115_POS_10P1000001450";"236";"040";"0115";"POS";"_";"_";"_";"ALTRI PROVENTI DI GESTIONE - CANONI PER SERVIZIO POS - FATTURAZ EXTRA_POS"
"236_040_0110_1000000000221";"236";"040";"0110";"_";"_";"_";"_";"COMM ATTIVE ORDINARIE BONIFICI INSTANT"
"236_040_0120_1000000000046";"236";"040";"0120";"_";"_";"_";"_";"RICAVI SU PROGETTO DI CASH POOLING"
"236_040_0110_1000000000128";"236";"040";"0110";"_";"_";"_";"_";"COMMISSIONI ATTIVE PER INTERMEDIAZIONE IN PAGAMENTI PAGOPA (VERSO PUBBLICHE AMMINISTRAZIONI)"
"236_040_0115_COM_1000000000451";"236";"040";"0115";"COM";"_";"_";"_";"COMMISSIONI ATTIVE INTERMEDIAZIONE IN PAGAMENTI VERSO PUBBLICHE AMMINISTRAZIONI PAGOPA TRAMITE CARTA_COM"
"236_020_0060_10B4000000279";"236";"020";"0060";"_";"_";"_";"_";"COMM SU COLLOC POL CBA  TUO VALORE"
"236_040_0115_CAR_1000000000433";"236";"040";"0115";"CAR";"_";"_";"_";"COMM DA CLIENTI PER BLOCCO CARTA_CAR"
"236_040_0115_COM_10C2000000355";"236";"040";"0115";"COM";"_";"_";"_";"COMM DA CLIENTI PER CONVENZ. CIRCUITO CCRED STORNO (-)_COM"
"236_040_0115_POS_10C2000000355";"236";"040";"0115";"POS";"_";"_";"_";"COMM DA CLIENTI PER CONVENZ. CIRCUITO CCRED STORNO (-)_POS"
"236_040_0115_POS_10C2000000353";"236";"040";"0115";"POS";"_";"_";"_";"COMM DA CLIENTI PER CONVENZ. CIRCUITO CCRED_POS"
"236_040_0115_COM_10C2000000353";"236";"040";"0115";"COM";"_";"_";"_";"COMM DA CLIENTI PER CONVENZ. CIRCUITO CCRED_COM"
"236_040_0115_POS_10C2000000070";"236";"040";"0115";"POS";"_";"_";"_";"COMM PER CONVENZ. CIRCUITO PAGOBANCOMAT_POS"
"236_040_0115_POS_10C2000000080";"236";"040";"0115";"POS";"_";"_";"_";"COMM PER CONVENZ. CIRCUITO PAGOBANCOMAT - STORNI_POS"
"236_040_0115_CAR_10C2000000446";"236";"040";"0115";"CAR";"_";"_";"_";"COGEBAN: COMM ATT INTER FEE BANC_CAR"
"236_020_0060_10B4000000009";"236";"020";"0060";"_";"_";"_";"_";"RICAVI DA COINTERMEDIAZIONE FARAD"
"236_020_0043_1000000000721";"236";"020";"0043";"_";"_";"_";"_";"COMMISSIONI DI COLLOCAMENTO AZIONI CLUB DEAL"
"236_040_0115_CAR_2200000000684";"236";"040";"0115";"CAR";"_";"_";"_";"COMM A CIRCUITO PRELIEVI NS CARTE SU ATM DI ALTRI_CAR"
"236_040_0115_CAR_10C2000000135";"236";"040";"0115";"CAR";"_";"_";"_";"COMM DA CLIENTI PER PRELIEVO SU ATM (PREPAGATE)_CAR"
"236_040_0115_CAR_22D1000000116";"236";"040";"0115";"CAR";"_";"_";"_";"COMM PASS A PROMOTORI PER QUOTE ASSOCIATIVE_CAR"
"236_040_0115_CAR_22D1000000016";"236";"040";"0115";"CAR";"_";"_";"_";"COMM PASS A PROMOTORI PER SPENDING CARTE DEBITO CREDITO E PREPAGATE_CAR"
"236_040_0115_COM_1000000000089";"236";"040";"0115";"COM";"_";"_";"_";"COMM DA ESERCENTI PER STORNO OPERAZIONI_COM"
"236_020_0050_10B4000001040";"236";"020";"0050";"_";"_";"_";"_";"COMM MANTEN/COLLOC FONDO PENSIONE EX CLIENTI"
"236_040_0115_COM_10C2000000856";"236";"040";"0115";"COM";"_";"_";"_";"COMM DA CLIENTI PER SERVIZIO INCASSI MYBANK_COM"
"236_040_0110_2200000000100";"236";"040";"0110";"_";"_";"_";"_";"COMM A BANCHE PER INCASSI COMMERCIALI"
"236_040_0110_2200000000095";"236";"040";"0110";"_";"_";"_";"_";"COMM A BANCHE PER INCASSO EFFETTI"
"236_020_0050_10B4000001057";"236";"020";"0050";"_";"_";"_";"_";"COMM MANTEN/COLLOC FONDI/SICAV CASA AMMINISTRATO"
"236_020_0050_10B4000001067";"236";"020";"0050";"_";"_";"_";"_";"REBATES COMM FONDI DI CASA CONSULENZA FEE ONLY"
"236_020_0065_10B4000001067";"236";"020";"0065";"_";"_";"_";"_";"REBATES COMM FONDI DI CASA CONSULENZA FEE ONLY"
"236_020_0050_10B4000001060";"236";"020";"0050";"_";"_";"_";"_";"COMMIX MANTENIMENTO FONDI ALTERNATIVI AMMINISTRATO"
"236_020_0050_10B4000001041";"236";"020";"0050";"_";"_";"_";"_";"COMM MANTEN/COLLOC FONDO PENSIONE NON DIPENDENTI"
"236_020_0050_10B4000001059";"236";"020";"0050";"_";"_";"_";"_";"COMM MANTEN/COLLOC FONDI/SICAV-FONDI DI TERZI AMMINISTRATO"
"236_020_0050_10B4000001069";"236";"020";"0050";"_";"_";"_";"_";"REBATES COMM FONDI DI TERZI CONSULENZA FEE ONLY"
"236_020_0065_10B4000001069";"236";"020";"0065";"_";"_";"_";"_";"REBATES COMM FONDI DI TERZI CONSULENZA FEE ONLY"
"236_040_0110_2200000000616";"236";"040";"0110";"_";"_";"_";"_";"COMM A BANCHE ITALIANE PER SERVIZI DIVERSI DI INCASSO"
"236_040_0115_POS_1000000000510";"236";"040";"0115";"POS";"_";"_";"_";"COMMISSIONI ATTIVE ACQUIRING POS DISCOVER_POS"
"236_040_0110_1000000000220";"236";"040";"0110";"_";"_";"_";"_";"COMM ATTIVE DA BANCHE PER MANDATI SEDA"
"236_040_0115_COM_1000000000296";"236";"040";"0115";"COM";"_";"_";"_";"COMMISSIONI ATTIVE PER SERVIZIO INCASSI BANCOMAT PAY_COM"
"236_040_0110_1000000000337";"236";"040";"0110";"_";"_";"_";"_";"COMMISSIONI ATTIVE BONIFICI PLICK"
"236_020_0045_1000000000273";"236";"020";"0045";"_";"_";"_";"_";"COMMISSIONI ATTIVE DA CONTO CONSULENZA INDIPENDENTE"
"236_040_0115_COM_1000000000331";"236";"040";"0115";"COM";"_";"_";"_";"COMMISSIONI ATTIVE EQUITY CROWDFUNDING_COM"
"236_020_0045_1000000000476";"236";"020";"0045";"_";"_";"_";"_";"COMMISSIONE ATTIVA PER ACCORDI DI ESCROW SU TITOLI"
"236_020_0045_1000000040640";"236";"020";"0045";"_";"_";"_";"_";"COMMISSIONE ATTIVA PER ACCORDI DI ESCROW SU TITOLI - DIFFERENZA STIMA BILANCIO ANNO PREC"
"236_020_0050_10D5000000264";"236";"020";"0050";"_";"_";"_";"_";"COMM ATT PER INTERMED/COLLOC (FIA)"
"236_040_0115_COM_1000000000428";"236";"040";"0115";"COM";"_";"_";"_";"ATTIVAZIONE SERVIZIO EQUITY CROWDFOUNDING_COM"
"236_040_0115_CAR_10C2000000058";"236";"040";"0115";"CAR";"_";"_";"_";"COMM ATTIVE PER OPERAZIONI SU CIRCUITO INTERNAZIONALE EFFETTUATE IN VALUTA_CAR"
"236_040_0110_1000000000060";"236";"040";"0110";"_";"_";"_";"_";"COMM ATT PAGAMENTO MASSIMO BOLLETTINI POSTALI E TASSA ACCETTAZIONE"
"236_040_0115_POS_1000000000253";"236";"040";"0115";"POS";"_";"_";"_";"COMMISSIONI ATTIVE ACQUIRING UPI_POS"
"236_020_0043_1000000000385";"236";"020";"0043";"_";"_";"_";"_";"COMMISSIONI ATTIVE RTO NON DEPOSITANTI PER SIM"
"236_020_0043_1000000000010";"236";"020";"0043";"_";"_";"_";"_";"COMM AUM. CAPIT/CONS DI COLL."
"236_040_0110_1000000000078";"236";"040";"0110";"_";"_";"_";"_";"COMM PER CAMBIO ASSEGNI ALTRE BANCHE"
"236_020_0060_10B4000001197";"236";"020";"0060";"_";"_";"_";"_";"HDI LINEA CBA MULTIRAMO III"
"236_040_0115_CAR_10C2000000354";"236";"040";"0115";"CAR";"_";"_";"_";"COMM DA CIRCUITI PER SPESO NS CARTE SU POS DI ALTRI_CAR"
"236_020_0050_10B4000000048";"236";"020";"0050";"_";"_";"_";"_";"COMMISSIONI COLLOCAMENTO FONDI DI CASA"
"236_020_0060_10B4000000106";"236";"020";"0060";"_";"_";"_";"_";"COMMISSIONI SU POLIZZE CPI PRESTITI CONSEL - QUOTA VITA"
"236_020_0060_10B4000000105";"236";"020";"0060";"_";"_";"_";"_";"COMMISSIONI SU POLIZZE CPI MUTUI - QUOTA VITA"
"236_020_0060_10B4000000107";"236";"020";"0060";"_";"_";"_";"_";"COMMISSIONI SU POLIZZE CPI PRESTITI - QUOTA VITA"
"236_040_0120_1000000000017";"236";"040";"0120";"_";"_";"_";"_";"COMM CRED FIRMA ESTERO E LETTERE CREDITO"
"236_020_0045_1000000000726";"236";"020";"0045";"_";"_";"_";"_";"COMMISSIONI DI CUSTODIA E DEPOSITO TITOLI - EMISSIONE FISSATI BOLLATI"
"236_020_0045_1000000000042";"236";"020";"0045";"_";"_";"_";"_";"COMM CUSTODIA ED AMMINISTR. TITOLI"
"236_040_0120_1000000000004";"236";"040";"0120";"_";"_";"_";"_";"COMM DIVERSE UFFICIO ESTERO"
"236_040_0110_1000000000084";"236";"040";"0110";"_";"_";"_";"_";"COMM EFFETTI - DOPO INCASSO (RIBA)"
"236_040_0110_1000000000082";"236";"040";"0110";"_";"_";"_";"_";"COMM EFFETTI E ASSEGNI INSOLUTI"
"236_040_0110_1000000000410";"236";"040";"0110";"_";"_";"_";"_";"COMM PER EFFETTI RITIR/RICHIAM (RIBA)"
"236_040_0110_1000000000083";"236";"040";"0110";"_";"_";"_";"_";"COMM EFFETTI - SCONTO E SBF (RIBA)"
"236_040_0110_1000000000332";"236";"040";"0110";"_";"_";"_";"_";"COMMISSIONI PER EMISSIONE ASSEGNI CIRCOLARI"
"236_040_0115_CAR_10C2000000357";"236";"040";"0115";"CAR";"_";"_";"_";"COMM EMISSIONE/RINNOVO CCRED (CLASSIC)_CAR"
"236_040_0115_CAR_10C2000000358";"236";"040";"0115";"CAR";"_";"_";"_";"COMM EMISSIONE/RINNOVO CARTE DI DEBITO_CAR"
"236_040_0110_1000000000271";"236";"040";"0110";"_";"_";"_";"_";"COMMISSIONE ESTINZIONE ASSEGNI IN EURO/ALTRE DIVISE"
"236_040_0120_2200000000612";"236";"040";"0120";"_";"_";"_";"_";"COMM A BANCHE PER OP ESTERO (BONIFICI)"
"236_020_0050_22D5000009482";"236";"020";"0050";"_";"_";"_";"_";"COMMISSIONI PASSIVE DI FUND ORDER ROUTING"
"236_020_0060_10B4000000112";"236";"020";"0060";"_";"_";"_";"_";"COMMISSIONI HDI RAMO I"
"236_040_0110_1000000000299";"236";"040";"0110";"_";"_";"_";"_";"COMM TRIBUTI DA TESORERIA (DELEGHE)"
"236_040_0110_1000000000306";"236";"040";"0110";"_";"_";"_";"_";"COMM DI INCASSO (DELEGHE)"
"236_040_0110_1000000000409";"236";"040";"0110";"_";"_";"_";"_";"COMM DI INCASSO DA BANCHE (EFFETTI DIVERSI)"
"236_040_0120_1000000000005";"236";"040";"0120";"_";"_";"_";"_";"COMM INCASSO EFFETTI ESTERO"
"236_040_0110_1000000000012";"236";"040";"0110";"_";"_";"_";"_";"COMM DI INCASSO E PAGAMENTO"
"236_040_0110_1000000000081";"236";"040";"0110";"_";"_";"_";"_";"COMMISSIONE INCASSO MAV ATTIVI"
"236_040_0110_1000000000597";"236";"040";"0110";"_";"_";"_";"_";"COMM DI INCASSO DA BANCHE (INC COMMERCIALI)"
"236_040_0110_1000000000053";"236";"040";"0110";"_";"_";"_";"_";"COMM DI INCASSO SDD"
"236_040_0110_1000000000301";"236";"040";"0110";"_";"_";"_";"_";"COMM DI INCASSO (UTENZE DIVERSE E SETIF)"
"236_020_0050_10B4000001048";"236";"020";"0050";"_";"_";"_";"_";"COMM D'INGRESSO SU FONDI DI CASA"
"236_020_0050_10B4000001055";"236";"020";"0050";"_";"_";"_";"_";"COMM D'INGRESSO SU FONDI DI TERZI"
"236_040_0110_1000000000011";"236";"040";"0110";"_";"_";"_";"_";"COMM INPS PER INCASSO PENSIONI"
"236_020_0060_10B4000001181";"236";"020";"0060";"_";"_";"_";"_";"COMM MANTEN NO INDEX HDI LINEA CBA"
"236_020_0060_10B4000000111";"236";"020";"0060";"_";"_";"_";"_";"HDI LINEA CBA MULTIRAMO  I"
"236_020_0060_10B4000000018";"236";"020";"0060";"_";"_";"_";"_";"COMM DI MANTENIMENTO SELLA G LIFE RAMO I"
"236_020_0060_10B4000000019";"236";"020";"0060";"_";"_";"_";"_";"COMM DI MANTENIMENTO SELLA G LIFE RAMO III"
"236_040_0120_1000000005100";"236";"040";"0120";"_";"_";"_";"_";"COMM NEGOZIAZ IN VALUTA (BANCONOTE ESTERE)"
"236_020_0050_10D5000007307";"236";"020";"0050";"_";"_";"_";"_";"COMM SU OICR DEL GRUPPO IN AMMINISTRATO - FIA"
"236_040_0110_2200000000220";"236";"040";"0110";"_";"_";"_";"_";"COMM PASSIVE A BANCHE PER MANDATI SEDA"
"236_020_0050_22D5000000019";"236";"020";"0050";"_";"_";"_";"_";"COMM. PASS. BANCA CORRISPONDENTE MIX CONTO"
"236_020_0045_2200000009031";"236";"020";"0045";"_";"_";"_";"_";"COMM PASS CUSTODY DEPOSITARI ESTERI"
"236_020_0045_2200000009030";"236";"020";"0045";"_";"_";"_";"_";"COMM PASS CUSTODY MONTE TITOLI"
"236_040_0115_POS_2300000000086";"236";"040";"0115";"POS";"_";"_";"_";"COMMISSIONI PASSIVE DISCOVER PER INTERCHANGE FEE_POS"
"236_020_0045_22D5000000458";"236";"020";"0045";"_";"_";"_";"_";"COMMISSIONI PASSIVE A BPS PER SERVIZIO ANALISI PATRIMONI BSE"
"236_040_0115_COM_2200000000049";"236";"040";"0115";"COM";"_";"_";"_";"COMMISSIONI INTERBANCARIE BANCOMATPAY_COM"
"236_020_0065_2300000000036";"236";"020";"0065";"_";"_";"_";"_";"COMMISSIONI PASSIVE PROMOTORI SERVIZIO CONSULENZA"
"236_040_0115_CAR_22D5000000135";"236";"040";"0115";"CAR";"_";"_";"_";"COMMISSIONI PASSIVE SU FIDEJUSSIONI E GARANZIE A SOCIETA' DEL GRUPPO_CAR"
"236_020_0040_22D5000005100";"236";"020";"0040";"_";"_";"_";"_";"COMMISSIONI PASSIVE SU MUTUI PER PRESTITI TITOLI CONCESSI"
"236_040_0110_2200000000060";"236";"040";"0110";"_";"_";"_";"_";"COMM PASS PAGAMENTO MASSIMO BOLLETTINI POSTALI E TASSA ACCETTAZIONE"
"236_040_0115_POS_23D1000000114";"236";"040";"0115";"POS";"_";"_";"_";"COMMISSIONI PASSIVE UPI PER INTERCHANGE FEE_POS"
"236_020_0060_2200000000011";"236";"020";"0060";"_";"_";"_";"_";"COMM PASS PROM GEST POLIZZE SELLA LIFE"
"236_020_0050_2300000001640";"236";"020";"0050";"_";"_";"_";"_";"COMMISSIONI PASSIVE VARIABILI FONDI/SICAV - DIFFERENZA STIMA BILANCIO ANNO PREC"
"236_020_0045_22D5000000003";"236";"020";"0045";"_";"_";"_";"_";"COMM PASS TRASF ESTERI CLIENTI RETAIL"
"236_020_0045_22D5000000004";"236";"020";"0045";"_";"_";"_";"_";"COMM PASS TRASF ITALIA CLIENTI RETAIL"
"236_020_0060_10B4000000281";"236";"020";"0060";"_";"_";"_";"_";"COMM SU POLIZZE DI CAPITALIZZAZIONE"
"236_020_0060_10B4000001190";"236";"020";"0060";"_";"_";"_";"_";"COMM SU COLLOC POL PREVID RAMO I"
"236_020_0060_10B4000001189";"236";"020";"0060";"_";"_";"_";"_";"COMM SU COLLOC POL TCM"
"236_020_0060_10B4000002185";"236";"020";"0060";"_";"_";"_";"_";"COMM SU COLLOC POLIZZE HDI LINEA CBA  RAMO I"
"236_040_0115_CAR_10C2000000360";"236";"040";"0115";"CAR";"_";"_";"_";"COMM DA CLIENTI PER PRELIEVO SU ATM (CCRED)_CAR"
"236_040_0115_COM_1000000000492";"236";"040";"0115";"COM";"_";"_";"_";"COMMISSIONE RICHIESTA AUTORIZZAZIONE TRANSAZIONE (FEE TECNICA)_COM"
"236_040_0115_CAR_10C2000000127";"236";"040";"0115";"CAR";"_";"_";"_";"COMM DI RICARICA (PREPAGATE)_CAR"
"236_020_0043_1000000000240";"236";"020";"0043";"_";"_";"_";"_";"COMMISSIONI RICEZ.TRASM.ORDINI PER SIM"
"236_040_0115_CAR_10C2000000128";"236";"040";"0115";"CAR";"_";"_";"_";"COMM DI RILASCIO (PREPAGATE)_CAR"
"236_040_0115_CAR_10C2000000129";"236";"040";"0115";"CAR";"_";"_";"_";"COMM DI RIMBORSO (PREPAGATE)_CAR"
"236_040_0110_1000000000177";"236";"040";"0110";"_";"_";"_";"_";"COMM ATT RISCOSSIONE BOLLI AUTO"
"236_040_0110_1000000000167";"236";"040";"0110";"_";"_";"_";"_";"COMM PER SERVIZIO ORDINI PERMAN E BONIFICI"
"236_040_0115_COM_22D5000000413";"236";"040";"0115";"COM";"_";"_";"_";"COMM PASS A SPC PER ATT COLLOCAMENTO CONTRATTI ACQUIRING ECOMMERCE_COM"
"236_040_0115_POS_22D5000000002";"236";"040";"0115";"POS";"_";"_";"_";"COMMISSIONI SPC PER COLLOCAMENTO CONTRATTI ACQUIRING INTERMEDIAZIONI INCASSI E PAGAMENTI_POS"
"236_040_0120_1000000000019";"236";"040";"0120";"_";"_";"_";"_";"COMM E SPESE ADDEB PER OP ESTERO"
"236_020_0045_1000000000350";"236";"020";"0045";"_";"_";"_";"_";"COMM.DI TESORERIA PER ATTIVITA' DI B.CA PAG. BANKING SERVICE"
"236_040_0115_COM_10C2000000056";"236";"040";"0115";"COM";"_";"_";"_";"COMMISSIONI DA TRANSAZIONI E-COMMERCE MULTICURRENCY_COM"
"236_040_0120_1000000000360";"236";"040";"0120";"_";"_";"_";"_";"COMM VALUTARIA BONIFICI"
"236_040_0120_1000000000361";"236";"040";"0120";"_";"_";"_";"_";"COMM VALUTARIA ESTERO MERCI"
"236_040_0120_1000000000364";"236";"040";"0120";"_";"_";"_";"_";"COMM VALUTARIA SPOT"
"236_020_0070_1000000000363";"236";"020";"0070";"_";"_";"_";"_";"COMM VALUTARIA FORWARD"
"236_020_0043_1000000000061";"236";"020";"0043";"_";"_";"_";"_";"COMPENSO SEGNALAZIONE CLIENTI X COMPRAVENDITA ORO DA INVESTIMENTO"
"236_040_0115_COM_22D1000000316";"236";"040";"0115";"COM";"_";"_";"_";"COMM PASS A PROMOTORI SU TRANSATO E-COMMERCE_COM"
"236_040_0115_POS_22D1000000216";"236";"040";"0115";"POS";"_";"_";"_";"COMM PASS A PROMOTORI SU TRANSATO POS_POS"
"236_040_0115_COM_10C2000000054";"236";"040";"0115";"COM";"_";"_";"_";"COMMISSIONI DA TRANSAZIONI ECOMMERCE DCC_COM"
"236_020_0065_10B4000000004";"236";"020";"0065";"_";"_";"_";"_";"COMMISSIONI CONSULENZA FEE ONLY"
"236_020_0065_10B4000002640";"236";"020";"0065";"_";"_";"_";"_";"COMMISSIONE CONSULENZA DIFFERENZA STIMA"
"236_020_0065_10B4000001640";"236";"020";"0065";"_";"_";"_";"_";"COMMISSIONI DI CONSULENZA RETTIFICA PER SCONTI DA INIZIATIVA PROMOZIONALE"
"236_020_0065_10B4000000005";"236";"020";"0065";"_";"_";"_";"_";"COMMISSIONI CONSULENZA ON TOP"
"236_020_0065_1000000000303";"236";"020";"0065";"_";"_";"_";"_";"CONSUL. SU PORTAFOGLI DETENUTI C/O TERZI"
"236_020_0070_0800000000026";"236";"020";"0070";"_";"_";"_";"_";"COPERTURA RISCHIO CAMBIO VISA"
"236_040_0115_ATM_28CC000000724";"236";"040";"0115";"ATM";"_";"_";"_";"ALTRI COSTI CIRCUITI VARIABILI_ATM"
"236_040_0115_CAR_28CC000000724";"236";"040";"0115";"CAR";"_";"_";"_";"ALTRI COSTI CIRCUITI VARIABILI_CAR"
"236_040_0115_COM_28CC000000724";"236";"040";"0115";"COM";"_";"_";"_";"ALTRI COSTI CIRCUITI VARIABILI_COM"
"236_040_0115_POS_28CC000000724";"236";"040";"0115";"POS";"_";"_";"_";"ALTRI COSTI CIRCUITI VARIABILI_POS"
"236_040_0115_CAR_1000000000302";"236";"040";"0115";"CAR";"_";"_";"_";"COMM PER PAGAMENTI AUTOSTRADALI (VIACARD - TELEPASS)_CAR"
"236_040_0115_ATM_2300000005203";"236";"040";"0115";"ATM";"_";"_";"_";"COMM PASS PER RICARICHE CELLULARI_ATM"
"236_040_0115_CAR_2200000009020";"236";"040";"0115";"CAR";"_";"_";"_";"COMM PASSIVA EMISSIONE/RINNOVO CARTE_CAR"
"236_040_0115_ATM_22D1000000010";"236";"040";"0115";"ATM";"_";"_";"_";"COMM PASS PER RICARICHE PREPAGATE SU ATM_ATM"
"236_040_0115_CAR_1000000000096";"236";"040";"0115";"CAR";"_";"_";"_";"CANONE SERVIZIO ALLARMI SMS_CAR"
"236_040_0115_CAR_23D1000000110";"236";"040";"0115";"CAR";"_";"_";"_";"COSTO SERVIZIO SEDA PER SDD_CAR"
"236_040_0115_POS_23D1000000110";"236";"040";"0115";"POS";"_";"_";"_";"COSTO SERVIZIO SEDA PER SDD_POS"
"236_040_0115_COM_0800000000438";"236";"040";"0115";"COM";"_";"_";"_";"DIFFERENZE DI CAMBIO SU TRANSAZIONI IN VALUTA_COM"
"236_040_0115_COM_1000000000057";"236";"040";"0115";"COM";"_";"_";"_";"DIFFERENZE DI CAMBIO SU TRANSAZ MULTICURRENCY_COM"
"236_040_0115_POS_1000000000057";"236";"040";"0115";"POS";"_";"_";"_";"DIFFERENZE DI CAMBIO SU TRANSAZ MULTICURRENCY_POS"
"236_040_0110_1000000000712";"236";"040";"0110";"_";"_";"_";"_";"ALTRI PROVENTI DI GESTIONE - CANONE REMOTE BANKING E FATTURAZIONE TRAFFICO AD UTENTI"
"236_020_0050_10B4000000027";"236";"020";"0050";"_";"_";"_";"_";"FACILITAZIONE COMMISSIONALE SU FONDI COMUNI MOBILIARI APERTI"
"236_020_0050_10D5000000566";"236";"020";"0050";"_";"_";"_";"_";"COMMISSIONI OICVM DI TERZI DISTRIBUITE DA SELLA SGR"
"236_040_0115_CAR_1000000000074";"236";"040";"0115";"CAR";"_";"_";"_";"INCENTIVI DA CIRCUITI_CAR"
"236_040_0115_COM_1000000000074";"236";"040";"0115";"COM";"_";"_";"_";"INCENTIVI DA CIRCUITI_COM"
"236_040_0115_POS_1000000000074";"236";"040";"0115";"POS";"_";"_";"_";"INCENTIVI DA CIRCUITI_POS"
"236_040_0110_1000000000434";"236";"040";"0110";"_";"_";"_";"_";"CANONE INCASSI E PAGAMENTI TRAMITE SMART BUSINESS SELLA"
"236_040_0115_POS_22D1000000005";"236";"040";"0115";"POS";"_";"_";"_";"INDENNITA' SUPPLETIVA DI CLIENTELA AGENTI POS_POS"
"236_040_0115_POS_23D1000000704";"236";"040";"0115";"POS";"_";"_";"_";"INTERCHANGE FEE CCRED (-)_POS"
"236_040_0115_COM_23D1000000704";"236";"040";"0115";"COM";"_";"_";"_";"INTERCHANGE FEE CCRED (-)_COM"
"236_040_0115_POS_23D1000000706";"236";"040";"0115";"POS";"_";"_";"_";"INTERCHANGE FEE PAGOBANC (-)_POS"
"236_020_0043_10C3000000308";"236";"020";"0043";"_";"_";"_";"_";"COMM RACC ORDINI (AZIONI ESTERO)"
"236_020_0043_10C3000000307";"236";"020";"0043";"_";"_";"_";"_";"COMM RACC ORDINI (AZIONI ITALIA)"
"236_020_0043_10C3000000312";"236";"020";"0043";"_";"_";"_";"_";"COMM RACC ORDINI (DERIVATI ESTERO)"
"236_020_0043_10C3000000311";"236";"020";"0043";"_";"_";"_";"_";"COMM RACC ORDINI (DERIVATI ITALIA)"
"236_020_0043_10C3000000412";"236";"020";"0043";"_";"_";"_";"_";"COMM RACC ORDINI (OBBLIGAZIONI)"
"236_020_0043_10C3000000301";"236";"020";"0043";"_";"_";"_";"_";"COMM RACC ORDINI DERIVATI"
"236_020_0043_1000000000119";"236";"020";"0043";"_";"_";"_";"_";"COMM E SPESE PER CEDOLE/RIMBORSI/DIVIDENDI"
"236_020_0043_2300000000014";"236";"020";"0043";"_";"_";"_";"_";"COMM. PASS. TARIFFA NEGOZIAZIONE BANCA TELEFONICA"
"236_020_0043_2300000000015";"236";"020";"0043";"_";"_";"_";"_";"COMM.PASS.TARIFFA NEGOZIAZIONE AMMINISTRATO PRIVATE"
"236_020_0043_2300000000110";"236";"020";"0043";"_";"_";"_";"_";"COMM. PASS. TARIFFA NEGOZIAZIONE SUCCURSALI"
"236_020_0043_10C3000000413";"236";"020";"0043";"_";"_";"_";"_";"COMM RACC ORDINI (OBBLIGAZIONI ESTERO)"
"236_020_0043_10C1000000709";"236";"020";"0043";"_";"_";"_";"_";"COMMISSIONI DI SOTTOSCRIZIONE BOT"
"236_020_0043_1000000000120";"236";"020";"0043";"_";"_";"_";"_";"COMM VALUTARIA DI INTERVENTO - TITOLI"
"236_020_0043_10D5000009456";"236";"020";"0043";"_";"_";"_";"_";"COMM ATTIVA PER COLLOC OPV (AMMINISTRATO) - CLIENTI RETE"
"236_020_0043_10D5000001393";"236";"020";"0043";"_";"_";"_";"_";"COMM DI RACCOLTA ORDINI (BTP ITALIA) - CLIENTI RETE"
"236_020_0043_0800000000405";"236";"020";"0043";"_";"_";"_";"_";"P.P. DA OPER. FINANZ.: TRADING SU TITOLI ITALIA - BANCA"
"236_020_0043_1000000000159";"236";"020";"0043";"_";"_";"_";"_";"SPESE FISSE PER ORDINE"
"236_020_0043_1200000000017";"236";"020";"0043";"_";"_";"_";"_";"COMM DA NS CLIENTI PER SERVIZIO BROKER"
"236_020_0070_0800000002378";"236";"020";"0070";"_";"_";"_";"_";"P.P. DA OPER. FINANZ. RISCHIO CAMBIO: CUSTOMER DESK VERSO IMPRESE"
"236_020_0070_0800000001378";"236";"020";"0070";"_";"_";"_";"_";"P.P. DA OPER. FINANZ. RISCHIO CAMBIO: CUSTOMER DESK VERSO PRIVATI"
"236_020_0070_0800000000025";"236";"020";"0070";"_";"_";"_";"_";"STORNO PUNTI A TERMINE"
"236_020_0070_0800000003378";"236";"020";"0070";"_";"_";"_";"_";"P.P. DA OPER. FINANZ.: CUSTOMER DESK COPERTURA RISCHIO DI TASSO IRS"
"236_020_0070_0800000000021";"236";"020";"0070";"_";"_";"_";"_";"P.P. DA OPER. FINANZ.: CUSTOMER DESK COPERTURA RISCHIO DI TASSO CAP - COLLAR"
"236_020_0043_2300000005214";"236";"020";"0043";"_";"_";"_";"_";"COMM PASSIVE A BROKER SU TITOLI - BOLLI SU MERCATI ESTERI - RECUPERABILE DA CLIENTE"
"236_040_0110_2200000000615";"236";"040";"0110";"_";"_";"_";"_";"COMM PASS SU ANTERG VALUTA BONIFICI"
"236_020_0060_10B4000001200";"236";"020";"0060";"_";"_";"_";"_";"COMM SU COLLOC POL PREVID RAMO III"
"236_020_0060_10B4000001201";"236";"020";"0060";"_";"_";"_";"_";"COMM SU COLLOC POLIZZE HDI LINEA CBA RAMO III"
"236_040_0115_ATM_1000000000448";"236";"040";"0115";"ATM";"_";"_";"_";"PRELIEVI CARTE ALTRE BANCHE_ATM"
"236_040_0115_ATM_10C2000000159";"236";"040";"0115";"ATM";"_";"_";"_";"COMM DA CIRCUITO PER PRELIEVO NS CCRED SU ATM_ATM"
"236_020_0060_10B4000000012";"236";"020";"0060";"_";"_";"_";"_";"PREVIDENZA HDI RAMO I"
"236_040_0115_CAR_1200000000888";"236";"040";"0115";"CAR";"_";"_";"_";"COMM DA CLIENTI PER PRELIEVO CON NS CARTE SU ATM DI ALTRI_CAR"
"236_040_0115_POS_1000000000470";"236";"040";"0115";"POS";"_";"_";"_";"RICAVI PER ATTIVITA DI PROMOZIONE DA SATISPAY_POS"
"236_020_0060_10B4ASS001640";"236";"020";"0060";"_";"_";"_";"_";"PROVENTI DA RISP ASS VITA - DIFF. STIMA BILANCIO ANNI PREC"
"236_040_0115_POS_23D1000000157";"236";"040";"0115";"POS";"_";"_";"_";"PROVVIGIONI TRANSATO SU POS_POS"
"236_020_0060_10B4ASS002930";"236";"020";"0060";"_";"_";"_";"_";"PROVENTI DA RISP. ASSIC. - SOPRAVV. PASS. ESERCIZI PRECEDENTI"
"236_020_0050_10B4000000016";"236";"020";"0050";"_";"_";"_";"_";"RESTITUZIONE REBATES SU COMM MANTENIMENTO FONDI E SICAV TERZI (-)"
"236_020_0043_1000000000506";"236";"020";"0043";"_";"_";"_";"_";"RECUPERO COMMISSIONI DA SIM PER BROKERS"
"236_020_0065_2500000000013";"236";"020";"0065";"_";"_";"_";"_";"RECUPERO INVIO E/C TITOLI"
"236_020_0065_2500000001013";"236";"020";"0065";"_";"_";"_";"_";"RECUPERO SPESE INVIO INFORMATIVA TITOLI"
"236_020_0045_1000000000059";"236";"020";"0045";"_";"_";"_";"_";"RECUPERO SPESE PER PRATICHE DI SUCCESSIONE"
"236_040_0110_2500000000424";"236";"040";"0110";"_";"_";"_";"_";"ALTRI PROVENTI DI GESTIONE - RECUPERO VALORE LIBRETTI ASSEGNI"
"236_040_0120_2500000000009";"236";"040";"0120";"_";"_";"_";"_";"RECUPERO SPESE INVIO BONIFICI"
"236_040_0120_2500000000012";"236";"040";"0120";"_";"_";"_";"_";"RECUPERO SPESE POSTALI"
"236_040_0110_2500000000012";"236";"040";"0110";"_";"_";"_";"_";"RECUPERO SPESE POSTALI"
"236_040_0110_2500000000545";"236";"040";"0110";"_";"_";"_";"_";"RECUPERO SPESE DI PROTESTO ASSEGNI"
"236_040_0110_2500000001100";"236";"040";"0110";"_";"_";"_";"_";"RECUPERO SPESE LEGALI E NOTARILI DA CLIENTI"
"236_040_0110_2500000000544";"236";"040";"0110";"_";"_";"_";"_";"RECUPERO SPESE DI PROTESTO"
"236_040_0110_1000000000465";"236";"040";"0110";"_";"_";"_";"_";"ALTRI PROVENTI DI GESTIONE - REFUSIONE INTERESSI DA BANCHE PER INCASSI COMMERCIALI"
"236_020_0070_0800000000444";"236";"020";"0070";"_";"_";"_";"_";"RETTIFICA DERIVATI SU TASSI PER MERITO CREDITIZIO (EFFETTO DIFFERENZIALE CVA/DVA) - CAP E COLLAR"
"236_020_0070_0800000000443";"236";"020";"0070";"_";"_";"_";"_";"RETTIFICA DERIVATI SU TASSI PER MERITO CREDITIZIO (EFFETTO DIFFERENZIALE CVA/DVA) - IRS"
"236_020_0070_0800000000442";"236";"020";"0070";"_";"_";"_";"_";"RETTIFICA DERIVATI SU CAMBI PER MERITO CREDITIZIO (EFFETTO DIFFERENZIALE CVA/DVA)"
"236_040_0115_POS_22D1000000657";"236";"040";"0115";"POS";"_";"_";"_";"RETROCESSIONI PER ACQUIRING_POS"
"236_040_0115_CAR_22D1000000907";"236";"040";"0115";"CAR";"_";"_";"_";"RETROCESSIONI PER CARTE CO-BRANDED_CAR"
"236_040_0115_CAR_22D1000000904";"236";"040";"0115";"CAR";"_";"_";"_";"RETROCESSIONI PER ISSUING_CAR"
"236_020_0050_2300000000029";"236";"020";"0050";"_";"_";"_";"_";"COMMISSIONI PASSIVE PROMOTORI COMMERCIALI INGRESSO FONDI/SICAV"
"236_020_0050_2300000000030";"236";"020";"0050";"_";"_";"_";"_";"COMMISSIONI PASSIVE PROMOTORI COMMERCIALI MANTENIMENTO FONDI/SICAV"
"236_020_0043_2300000000032";"236";"020";"0043";"_";"_";"_";"_";"COMMISSIONI PASSIVE PROMOTORI COMPRAVENDITA TITOLI"
"236_020_0060_2300000000033";"236";"020";"0060";"_";"_";"_";"_";"COMMISSIONI PASSIVE PROMOTORI PRODOTTI ASSICURATIVI"
"236_040_0115_POS_1000000000090";"236";"040";"0115";"POS";"_";"_";"_";"RICAVI DA CIRCUITI PER SERVIZIO MULTICURRENCY_POS"
"236_040_0115_COM_1000000000090";"236";"040";"0115";"COM";"_";"_";"_";"RICAVI DA CIRCUITI PER SERVIZIO MULTICURRENCY_COM"
"236_040_0110_1000000000188";"236";"040";"0110";"_";"_";"_";"_";"RICAVI IBAN VIRTUALE"
"236_040_0115_COM_1000000000229";"236";"040";"0115";"COM";"_";"_";"_";"COMMISSIONI DA SMART2PAY_COM"
"236_040_0115_POS_10D5000000105";"236";"040";"0115";"POS";"_";"_";"_";"RICAVI DA SPC PER APPAGO_POS"
"236_020_0065_10B4000000014";"236";"020";"0065";"_";"_";"_";"_";"RIMBORSI CONSULENZA FEE ONLY - NO MOVIMENTI"
"236_020_0065_10B4000000013";"236";"020";"0065";"_";"_";"_";"_";"RIMBORSI CONSULENZA ON TOP - NO MOVIMENTI"
"236_040_0115_ATM_1000000000130";"236";"040";"0115";"ATM";"_";"_";"_";"RICAVI RICARICHE CELLULARE ATM_ATM"
"236_040_0115_POS_10C2000000061";"236";"040";"0115";"POS";"_";"_";"_";"SCONTO COMMISSIONI A CLIENTI POS_POS"
"236_020_0070_1000000000251";"236";"020";"0070";"_";"_";"_";"_";"SPESE FISSE DERIVATI OTC"
"236_020_0060_10B4000001192";"236";"020";"0060";"_";"_";"_";"_";"COMMISSIONI SU  POLIZZE SELLA PERSONAL LIFE RAMO III"
"236_040_0110_2200000000606";"236";"040";"0110";"_";"_";"_";"_";"SPESE DI PROTESTO RECL DA CORRISP PER ASSEGNI"
"236_020_0040_0800000000372";"236";"020";"0040";"_";"_";"_";"_";"P.P. NEGOZIAZIONE TITOLI AZIONARI SU CONTI INDAGINE HFT"
"236_020_0040_1000000000097";"236";"020";"0040";"_";"_";"_";"_";"CANONE VENDITA SELLAEXTREME INTERNET"
"236_020_0040_10P1000000101";"236";"020";"0040";"_";"_";"_";"_";"CANONE STRUMENTI INFORMATIVI"
"236_020_0040_1000000000152";"236";"020";"0040";"_";"_";"_";"_";"COMMISSIONI ACCESSORIE SHORT MULTIDAY"
"236_020_0040_1000000005110";"236";"020";"0040";"_";"_";"_";"_";"COMMISSIONI ATTIVE PER PRESTITI TITOLI CONCESSI A CLIENTI - INT"
"236_020_0040_1000000005111";"236";"020";"0040";"_";"_";"_";"_";"COMMISSIONI ATTIVE PER PRESTITI TITOLI CONCESSI A CLIENTI - REM"
"236_020_0040_1200000000017";"236";"020";"0040";"_";"_";"_";"_";"COMM DA NS CLIENTI PER SERVIZIO BROKER"
"236_020_0040_2200000000217";"236";"020";"0040";"_";"_";"_";"_";"COMM PASS A BROKER SU OBBLIGAZIONI"
"236_020_0040_10C3000000035";"236";"020";"0040";"_";"_";"_";"_";"COMM RACC ORDINI (AZIONI)"
"236_020_0040_10C3000000311";"236";"020";"0040";"_";"_";"_";"_";"COMM RACC ORDINI (DERIVATI ITALIA)"
"236_020_0040_10C3000000413";"236";"020";"0040";"_";"_";"_";"_";"COMM RACC ORDINI (OBBLIGAZIONI ESTERO)"
"236_020_0040_10C3000009407";"236";"020";"0040";"_";"_";"_";"_";"COMM RACC ORDINI OBBLIG (ITALIA)"
"236_020_0040_10C1000000709";"236";"020";"0040";"_";"_";"_";"_";"COMMISSIONI DI SOTTOSCRIZIONE BOT"
"236_020_0040_1000000000120";"236";"020";"0040";"_";"_";"_";"_";"COMM VALUTARIA DI INTERVENTO - TITOLI"
"236_020_0040_2200000001017";"236";"020";"0040";"_";"_";"_";"_";"COMM PASS A BROKER SU DERIVATI"
"236_020_0040_2200000000017";"236";"020";"0040";"_";"_";"_";"_";"COMM PASS A BROKER SU TITOLI"
"236_020_0040_10C3000000312";"236";"020";"0040";"_";"_";"_";"_";"COMM RACC ORDINI (DERIVATI ESTERO)"
"236_020_0040_10D5000001392";"236";"020";"0040";"_";"_";"_";"_";"COMM DI RACCOLTA ORDINI (BTP ITALIA)"
"236_020_0040_10C3000000044";"236";"020";"0040";"_";"_";"_";"_";"COMM RACC ORDINI (TITOLI ESTERO)"
"236_020_0040_1000000000159";"236";"020";"0040";"_";"_";"_";"_";"SPESE FISSE PER ORDINE"
"236_020_0060_10B4000000020";"236";"020";"0060";"_";"_";"_";"_";"UP FRONT SELLA G LIFE"
"236_040_0115_POS_2200000000009";"236";"040";"0115";"POS";"_";"_";"_";"UTILIZZO FONDO PER INDENNITA' SUPPLETTIVA DI CLIENTELA AGENTI POS_POS"
"236_040_0120_0800000000440";"236";"040";"0120";"_";"_";"_";"_";"BROKERAGGIO COMPRAVENDITA SPOT"
"236_020_0060_10B4000005178";"236";"020";"0060";"_";"_";"_";"_";"COMMISSIONI MANTENIMENTO POLIZZE EXTRAGRUPPO"
"236_020_0055_GP";"236";"020";"0055";"_";"_";"_";"_";"Gestioni Patrimoniali"
"236_020_0043_1000000000248";"236";"020";"0043";"_";"_";"_";"_";"COMPENSO SEGNALAZIONI CLIENTI PORTALI ONLINE"
"236_040_0110_2500000000535";"236";"040";"0110";"_";"_";"_";"_";"RECUPERO SPESE DIVERSE DA CLIENTELA"
"236_040_0115_COM_2829000000110";"236";"040";"0115";"COM";"_";"_";"_";"SPESE SERVIZIO RETE INTERBANCARIA_COM"
"236_040_0115_CAR_28CC000000733";"236";"040";"0115";"CAR";"_";"_";"_";"COSTI AUTORIZZATIVO MPE PER PROCESSING TRANSATO ISSUING E ACQUIRING_CAR"
"236_040_0115_POS_28CC000000734";"236";"040";"0115";"POS";"_";"_";"_";"SERVIZIO AUTENTICAZIONE E TOKENIZZAZIONE TRANSAZIONI MPE_POS"
"236_040_0110_28D5000000568";"236";"040";"0110";"_";"_";"_";"_";"SPESE VARIABILI PER SERVIZIO VOP - CANONE"
"236_040_0110_28F1000000163";"236";"040";"0110";"_";"_";"_";"_";"IVA SU SERVIZI IN OUTSOURCING"
"236_040_0115_POS_23D5000000324";"236";"040";"0115";"POS";"_";"_";"_";"COMM PASSIVE A FABRICK ACQUIRING SOFT POS_POS"
"236_020_0065_10B4000001057";"236";"020";"0065";"_";"_";"_";"_";"COMM MANTEN/COLLOC FONDI/SICAV CASA AMMINISTRATO"
"236_020_0065_10B4000001059";"236";"020";"0065";"_";"_";"_";"_";"COMM MANTEN/COLLOC FONDI/SICAV-FONDI DI TERZI AMMINISTRATO"
"236_020_0043_10D5000001392";"236";"020";"0043";"_";"_";"_";"_";"COMM DI RACCOLTA ORDINI (BTP ITALIA)"
"236_020_0070_0800000000437";"236";"020";"0070";"_";"_";"_";"_";"BROKERAGGIO BONIFICI"