"ECO_MIR";"ECO_GRP_1";"ECO_GRP_2";"ECO_GRP_3";"ECO_GRP_4";"ECO_GRP_5";"DRV_COD";"SOCIETA"
"040";"0110";"_";"_";"_";"_";"236_TRAD_G_AZ";"236"
"040";"0110";"_";"_";"_";"_";"236_TRAD_G_DE0000000025";"236"
"040";"0110";"_";"_";"_";"_";"236_TRAD_G_DE0000000030";"236"
"040";"0110";"_";"_";"_";"_";"236_TRAD_G_DE0000000035";"236"
"040";"0110";"_";"_";"_";"_";"236_TRAD_G_DE0000000040";"236"
"040";"0110";"_";"_";"_";"_";"236_TRAD_G_DE0000000045";"236"
"040";"0110";"_";"_";"_";"_";"236_TRAD_G_DE0000000050";"236"
"040";"0110";"_";"_";"_";"_";"236_TRAD_G_DE0000000055";"236"
"040";"0110";"_";"_";"_";"_";"236_TRAD_G_DE0000000060";"236"
"040";"0110";"_";"_";"_";"_";"236_TRAD_G_DR0000002100";"236"
"040";"0110";"_";"_";"_";"_";"236_TRAD_G_DR0000002105";"236"
"040";"0110";"_";"_";"_";"_";"236_TRAD_G_DR0000002125";"236"
"040";"0110";"_";"_";"_";"_";"236_TRAD_G_DR0000002130";"236"
"040";"0110";"_";"_";"_";"_";"236_TRAD_G_DR0000002140";"236"
"040";"0110";"_";"_";"_";"_";"236_TRAD_G_DR0000002145";"236"
"040";"0110";"_";"_";"_";"_";"236_TRAD_G_DR0000002150";"236"
"040";"0110";"_";"_";"_";"_";"236_TRAD_G_DR0000002155";"236"
"040";"0110";"_";"_";"_";"_";"236_TRAD_G_DR0000002160";"236"
"040";"0110";"_";"_";"_";"_";"236_TRAD_G_DR0000002165";"236"
"040";"0110";"_";"_";"_";"_";"236_TRAD_G_DR0000002175";"236"
"040";"0110";"_";"_";"_";"_";"236_TRAD_G_DR0000002180";"236"
"040";"0110";"_";"_";"_";"_";"236_TRAD_G_PR";"236"
"040";"0115";"POS";"_";"_";"_";"236_EL_G_DE0000000000";"236"
"040";"0115";"POS";"_";"_";"_";"236_EL_G_DE0000000005";"236"
"040";"0115";"POS";"_";"_";"_";"236_EL_G_DE0000000010";"236"
"040";"0115";"POS";"_";"_";"_";"236_EL_G_DE0000000015";"236"
"040";"0115";"POS";"_";"_";"_";"236_EL_G_DE0000000020";"236"
"040";"0115";"POS";"_";"_";"_";"236_EL_G_DE0000000075";"236"
"040";"0115";"POS";"_";"_";"_";"236_EL_G_DR0000001060";"236"
"040";"0115";"POS";"_";"_";"_";"236_EL_G_DR0000001065";"236"
"040";"0115";"POS";"_";"_";"_";"236_EL_G_DR0000001070";"236"
"040";"0115";"POS";"_";"_";"_";"236_EL_G_DR0000001078";"236"
"040";"0115";"POS";"_";"_";"_";"236_EL_G_DR0000001079";"236"
"040";"0115";"POS";"_";"_";"_";"236_EL_G_DR0000001080";"236"
"040";"0115";"POS";"_";"_";"_";"236_EL_G_DR0000001085";"236"
"040";"0115";"POS";"_";"_";"_";"236_EL_G_DR0000001090";"236"
"040";"0115";"POS";"_";"_";"_";"236_EL_G_DR0000001095";"236"
"040";"0115";"POS";"_";"_";"_";"236_EL_G_DR0000005015";"236"
"040";"0115";"POS";"_";"_";"_";"236_EL_G_DR0000005020";"236"
"040";"0115";"POS";"_";"_";"_";"236_EL_G_DR0000005025";"236"
"040";"0115";"POS";"_";"_";"_";"236_EL_G_DR0000005038";"236"
"040";"0115";"POS";"_";"_";"_";"236_EL_G_DR0000005039";"236"
"040";"0115";"POS";"_";"_";"_";"236_EL_G_DR0000006038";"236"
"040";"0115";"POS";"_";"_";"_";"236_EL_G_DR0000006055";"236"
"040";"0115";"POS";"_";"_";"_";"236_EL_G_DR0000006085";"236"
"040";"0115";"POS";"_";"_";"_";"236_EL_G_DR0000006092";"236"
"040";"0115";"POS";"_";"_";"_";"236_EL_G_DR0000006100";"236"
"040";"0115";"POS";"_";"_";"_";"236_EL_G_DR0000006105";"236"
"040";"0115";"POS";"_";"_";"_";"236_EL_G_DR0000006165";"236"
"040";"0115";"POS";"_";"_";"_";"236_EL_G_DR0000006166";"236"
"040";"0115";"POS";"_";"_";"_";"236_EL_G_DR0000006190";"236"
"040";"0115";"POS";"_";"_";"_";"236_EL_G_DR0000006191";"236"
"040";"0115";"POS";"_";"_";"_";"236_EL_G_DR0000006192";"236"
"040";"0115";"POS";"_";"_";"_";"236_EL_G_DR0000006195";"236"
"040";"0115";"POS";"_";"_";"_";"236_EL_G_DR0000006196";"236"
"040";"0115";"ATM";"_";"_";"_";"236_EL_G_DE0000000000";"236"
"040";"0115";"ATM";"_";"_";"_";"236_EL_G_DE0000000005";"236"
"040";"0115";"ATM";"_";"_";"_";"236_EL_G_DE0000000010";"236"
"040";"0115";"ATM";"_";"_";"_";"236_EL_G_DE0000000015";"236"
"040";"0115";"ATM";"_";"_";"_";"236_EL_G_DE0000000020";"236"
"040";"0115";"ATM";"_";"_";"_";"236_EL_G_DE0000000075";"236"
"040";"0115";"ATM";"_";"_";"_";"236_EL_G_DR0000001060";"236"
"040";"0115";"ATM";"_";"_";"_";"236_EL_G_DR0000001065";"236"
"040";"0115";"ATM";"_";"_";"_";"236_EL_G_DR0000001070";"236"
"040";"0115";"ATM";"_";"_";"_";"236_EL_G_DR0000001078";"236"
"040";"0115";"ATM";"_";"_";"_";"236_EL_G_DR0000001079";"236"
"040";"0115";"ATM";"_";"_";"_";"236_EL_G_DR0000001080";"236"
"040";"0115";"ATM";"_";"_";"_";"236_EL_G_DR0000001085";"236"
"040";"0115";"ATM";"_";"_";"_";"236_EL_G_DR0000001090";"236"
"040";"0115";"ATM";"_";"_";"_";"236_EL_G_DR0000001095";"236"
"040";"0115";"ATM";"_";"_";"_";"236_EL_G_DR0000005015";"236"
"040";"0115";"ATM";"_";"_";"_";"236_EL_G_DR0000005020";"236"
"040";"0115";"ATM";"_";"_";"_";"236_EL_G_DR0000005025";"236"
"040";"0115";"ATM";"_";"_";"_";"236_EL_G_DR0000005038";"236"
"040";"0115";"ATM";"_";"_";"_";"236_EL_G_DR0000005039";"236"
"040";"0115";"ATM";"_";"_";"_";"236_EL_G_DR0000006038";"236"
"040";"0115";"ATM";"_";"_";"_";"236_EL_G_DR0000006055";"236"
"040";"0115";"ATM";"_";"_";"_";"236_EL_G_DR0000006085";"236"
"040";"0115";"ATM";"_";"_";"_";"236_EL_G_DR0000006092";"236"
"040";"0115";"ATM";"_";"_";"_";"236_EL_G_DR0000006100";"236"
"040";"0115";"ATM";"_";"_";"_";"236_EL_G_DR0000006105";"236"
"040";"0115";"ATM";"_";"_";"_";"236_EL_G_DR0000006165";"236"
"040";"0115";"ATM";"_";"_";"_";"236_EL_G_DR0000006166";"236"
"040";"0115";"ATM";"_";"_";"_";"236_EL_G_DR0000006190";"236"
"040";"0115";"ATM";"_";"_";"_";"236_EL_G_DR0000006191";"236"
"040";"0115";"ATM";"_";"_";"_";"236_EL_G_DR0000006192";"236"
"040";"0115";"ATM";"_";"_";"_";"236_EL_G_DR0000006195";"236"
"040";"0115";"ATM";"_";"_";"_";"236_EL_G_DR0000006196";"236"
"040";"0115";"CAR";"_";"_";"_";"236_EL_G_DE0000000000";"236"
"040";"0115";"CAR";"_";"_";"_";"236_EL_G_DE0000000005";"236"
"040";"0115";"CAR";"_";"_";"_";"236_EL_G_DE0000000010";"236"
"040";"0115";"CAR";"_";"_";"_";"236_EL_G_DE0000000015";"236"
"040";"0115";"CAR";"_";"_";"_";"236_EL_G_DE0000000020";"236"
"040";"0115";"CAR";"_";"_";"_";"236_EL_G_DE0000000075";"236"
"040";"0115";"CAR";"_";"_";"_";"236_EL_G_DR0000001060";"236"
"040";"0115";"CAR";"_";"_";"_";"236_EL_G_DR0000001065";"236"
"040";"0115";"CAR";"_";"_";"_";"236_EL_G_DR0000001070";"236"
"040";"0115";"CAR";"_";"_";"_";"236_EL_G_DR0000001078";"236"
"040";"0115";"CAR";"_";"_";"_";"236_EL_G_DR0000001079";"236"
"040";"0115";"CAR";"_";"_";"_";"236_EL_G_DR0000001080";"236"
"040";"0115";"CAR";"_";"_";"_";"236_EL_G_DR0000001085";"236"
"040";"0115";"CAR";"_";"_";"_";"236_EL_G_DR0000001090";"236"
"040";"0115";"CAR";"_";"_";"_";"236_EL_G_DR0000001095";"236"
"040";"0115";"CAR";"_";"_";"_";"236_EL_G_DR0000005015";"236"
"040";"0115";"CAR";"_";"_";"_";"236_EL_G_DR0000005020";"236"
"040";"0115";"CAR";"_";"_";"_";"236_EL_G_DR0000005025";"236"
"040";"0115";"CAR";"_";"_";"_";"236_EL_G_DR0000005038";"236"
"040";"0115";"CAR";"_";"_";"_";"236_EL_G_DR0000005039";"236"
"040";"0115";"CAR";"_";"_";"_";"236_EL_G_DR0000006038";"236"
"040";"0115";"CAR";"_";"_";"_";"236_EL_G_DR0000006055";"236"
"040";"0115";"CAR";"_";"_";"_";"236_EL_G_DR0000006085";"236"
"040";"0115";"CAR";"_";"_";"_";"236_EL_G_DR0000006092";"236"
"040";"0115";"CAR";"_";"_";"_";"236_EL_G_DR0000006100";"236"
"040";"0115";"CAR";"_";"_";"_";"236_EL_G_DR0000006105";"236"
"040";"0115";"CAR";"_";"_";"_";"236_EL_G_DR0000006165";"236"
"040";"0115";"CAR";"_";"_";"_";"236_EL_G_DR0000006166";"236"
"040";"0115";"CAR";"_";"_";"_";"236_EL_G_DR0000006190";"236"
"040";"0115";"CAR";"_";"_";"_";"236_EL_G_DR0000006191";"236"
"040";"0115";"CAR";"_";"_";"_";"236_EL_G_DR0000006192";"236"
"040";"0115";"CAR";"_";"_";"_";"236_EL_G_DR0000006195";"236"
"040";"0115";"CAR";"_";"_";"_";"236_EL_G_DR0000006196";"236"
"040";"0115";"COM";"_";"_";"_";"236_EL_G_DE0000000000";"236"
"040";"0115";"COM";"_";"_";"_";"236_EL_G_DE0000000005";"236"
"040";"0115";"COM";"_";"_";"_";"236_EL_G_DE0000000010";"236"
"040";"0115";"COM";"_";"_";"_";"236_EL_G_DE0000000015";"236"
"040";"0115";"COM";"_";"_";"_";"236_EL_G_DE0000000020";"236"
"040";"0115";"COM";"_";"_";"_";"236_EL_G_DE0000000075";"236"
"040";"0115";"COM";"_";"_";"_";"236_EL_G_DR0000001060";"236"
"040";"0115";"COM";"_";"_";"_";"236_EL_G_DR0000001065";"236"
"040";"0115";"COM";"_";"_";"_";"236_EL_G_DR0000001070";"236"
"040";"0115";"COM";"_";"_";"_";"236_EL_G_DR0000001078";"236"
"040";"0115";"COM";"_";"_";"_";"236_EL_G_DR0000001079";"236"
"040";"0115";"COM";"_";"_";"_";"236_EL_G_DR0000001080";"236"
"040";"0115";"COM";"_";"_";"_";"236_EL_G_DR0000001085";"236"
"040";"0115";"COM";"_";"_";"_";"236_EL_G_DR0000001090";"236"
"040";"0115";"COM";"_";"_";"_";"236_EL_G_DR0000001095";"236"
"040";"0115";"COM";"_";"_";"_";"236_EL_G_DR0000005015";"236"
"040";"0115";"COM";"_";"_";"_";"236_EL_G_DR0000005020";"236"
"040";"0115";"COM";"_";"_";"_";"236_EL_G_DR0000005025";"236"
"040";"0115";"COM";"_";"_";"_";"236_EL_G_DR0000005038";"236"
"040";"0115";"COM";"_";"_";"_";"236_EL_G_DR0000005039";"236"
"040";"0115";"COM";"_";"_";"_";"236_EL_G_DR0000006038";"236"
"040";"0115";"COM";"_";"_";"_";"236_EL_G_DR0000006055";"236"
"040";"0115";"COM";"_";"_";"_";"236_EL_G_DR0000006085";"236"
"040";"0115";"COM";"_";"_";"_";"236_EL_G_DR0000006092";"236"
"040";"0115";"COM";"_";"_";"_";"236_EL_G_DR0000006100";"236"
"040";"0115";"COM";"_";"_";"_";"236_EL_G_DR0000006105";"236"
"040";"0115";"COM";"_";"_";"_";"236_EL_G_DR0000006165";"236"
"040";"0115";"COM";"_";"_";"_";"236_EL_G_DR0000006166";"236"
"040";"0115";"COM";"_";"_";"_";"236_EL_G_DR0000006190";"236"
"040";"0115";"COM";"_";"_";"_";"236_EL_G_DR0000006191";"236"
"040";"0115";"COM";"_";"_";"_";"236_EL_G_DR0000006192";"236"
"040";"0115";"COM";"_";"_";"_";"236_EL_G_DR0000006195";"236"
"040";"0115";"COM";"_";"_";"_";"236_EL_G_DR0000006196";"236"
"020";"0040";"_";"_";"_";"_";"236_DNF_M_DE0000000065";"236"
"020";"0040";"_";"_";"_";"_";"236_NEGO_S_VD00000000410";"236"
"020";"0040";"_";"_";"_";"_";"236_NEGO_S_VD00000000427";"236"
"020";"0040";"_";"_";"_";"_";"236_NEGO_S_VD00000000428";"236"
"020";"0040";"_";"_";"_";"_";"236_NEGO_S_VD00000000429";"236"
"020";"0040";"_";"_";"_";"_";"236_NEGO_S_VD00000000917";"236"
"020";"0040";"_";"_";"_";"_";"236_NEGO_S_VD00000000918";"236"
"020";"0040";"_";"_";"_";"_";"236_NEGO_S_VD00000000920";"236"
"020";"0040";"_";"_";"_";"_";"236_NEGO_S_VD00000000921";"236"
"020";"0040";"_";"_";"_";"_";"236_NEGO_S_VD00000000924";"236"
"020";"0040";"_";"_";"_";"_";"236_NEGO_S_VD00000000927";"236"
"020";"0040";"_";"_";"_";"_";"236_NEGO_S_VD00000000928";"236"
"020";"0040";"_";"_";"_";"_";"236_NEGO_S_VD00000000929";"236"
"020";"0040";"_";"_";"_";"_";"236_NEGO_S_VD00000000998";"236"
"020";"0043";"_";"_";"_";"_";"236_DNF_M_DE0000000065";"236"
"020";"0043";"_";"_";"_";"_";"236_NEGO_S_VD00000000410";"236"
"020";"0043";"_";"_";"_";"_";"236_NEGO_S_VD00000000427";"236"
"020";"0043";"_";"_";"_";"_";"236_NEGO_S_VD00000000428";"236"
"020";"0043";"_";"_";"_";"_";"236_NEGO_S_VD00000000429";"236"
"020";"0043";"_";"_";"_";"_";"236_NEGO_S_VD00000000917";"236"
"020";"0043";"_";"_";"_";"_";"236_NEGO_S_VD00000000918";"236"
"020";"0043";"_";"_";"_";"_";"236_NEGO_S_VD00000000920";"236"
"020";"0043";"_";"_";"_";"_";"236_NEGO_S_VD00000000921";"236"
"020";"0043";"_";"_";"_";"_";"236_NEGO_S_VD00000000924";"236"
"020";"0043";"_";"_";"_";"_";"236_NEGO_S_VD00000000927";"236"
"020";"0043";"_";"_";"_";"_";"236_NEGO_S_VD00000000928";"236"
"020";"0043";"_";"_";"_";"_";"236_NEGO_S_VD00000000929";"236"
"020";"0043";"_";"_";"_";"_";"236_NEGO_S_VD00000000998";"236"
"020";"0055";"_";"_";"_";"_";"236_GP_R_DE0000000070";"236"
"020";"0055";"_";"_";"_";"_";"236_GP_S_20RACCGESTNOL";"236"
"020";"0055";"_";"_";"_";"_";"236_GP_S_20RDSIGES";"236"
"020";"0060";"_";"_";"_";"_";"236_VITA_A_REDDCONTOTUO";"236"
"020";"0060";"_";"_";"_";"_";"236_VITA_F_VD00000000079";"236"
"020";"0060";"_";"_";"_";"_";"236_VITA_F_VD00000000957";"236"
"020";"0060";"_";"_";"_";"_";"236_VITA_F_VD00000000965";"236"
"020";"0060";"_";"_";"_";"_";"236_VITA_F_VD00000000966";"236"
"020";"0060";"_";"_";"_";"_";"236_VITA_F_VD00000000968";"236"
"020";"0060";"_";"_";"_";"_";"236_VITA_F_VD00000000969";"236"
"020";"0060";"_";"_";"_";"_";"236_VITA_F_VD00000000972";"236"
"020";"0060";"_";"_";"_";"_";"236_VITA_F_VD00000000973";"236"
"020";"0060";"_";"_";"_";"_";"236_VITA_F_VD00000001055";"236"
"020";"0060";"_";"_";"_";"_";"236_VITA_F_VD00000001056";"236"
"020";"0060";"_";"_";"_";"_";"236_VITA_F_VD00000001143";"236"
"020";"0060";"_";"_";"_";"_";"236_VITA_F_VD00000001151";"236"
"020";"0060";"_";"_";"_";"_";"236_VITA_F_VD00000001170";"236"
"020";"0060";"_";"_";"_";"_";"236_VITA_S_VD00000000079";"236"
"020";"0060";"_";"_";"_";"_";"236_VITA_S_VD00000000957";"236"
"020";"0060";"_";"_";"_";"_";"236_VITA_S_VD00000000965";"236"
"020";"0060";"_";"_";"_";"_";"236_VITA_S_VD00000000966";"236"
"020";"0060";"_";"_";"_";"_";"236_VITA_S_VD00000000968";"236"
"020";"0060";"_";"_";"_";"_";"236_VITA_S_VD00000000969";"236"
"020";"0060";"_";"_";"_";"_";"236_VITA_S_VD00000000972";"236"
"020";"0060";"_";"_";"_";"_";"236_VITA_S_VD00000000973";"236"
"020";"0060";"_";"_";"_";"_";"236_VITA_S_VD00000001055";"236"
"020";"0060";"_";"_";"_";"_";"236_VITA_S_VD00000001056";"236"
"020";"0060";"_";"_";"_";"_";"236_VITA_S_VD00000001143";"236"
"020";"0060";"_";"_";"_";"_";"236_VITA_S_VD00000001151";"236"
"020";"0060";"_";"_";"_";"_";"236_VITA_S_VD00000001170";"236"
"020";"0065";"_";"_";"_";"_";"236_CONS_S_FEEONLY";"236"
"020";"0065";"_";"_";"_";"_";"236_CONS_S_NOCONS";"236"
"020";"0065";"_";"_";"_";"_";"236_CONS_S_ONTOP";"236"
"020";"0050";"_";"_";"_";"_";"236_FON_S_CAFF";"236"
"020";"0050";"_";"_";"_";"_";"236_FON_S_CALT";"236"
"020";"0050";"_";"_";"_";"_";"236_FON_S_CAZ";"236"
"020";"0050";"_";"_";"_";"_";"236_FON_S_CFEP";"236"
"020";"0050";"_";"_";"_";"_";"236_FON_S_CIMP";"236"
"020";"0050";"_";"_";"_";"_";"236_FON_S_CPR";"236"
"020";"0050";"_";"_";"_";"_";"236_FON_S_CPRIV";"236"
"020";"0050";"_";"_";"_";"_";"236_FON_S_CPROM";"236"
"020";"0050";"_";"_";"_";"_";"236_FON_S_CSB";"236"
"020";"0050";"_";"_";"_";"_";"236_FON_S_PAFF";"236"
"020";"0050";"_";"_";"_";"_";"236_FON_S_PALT";"236"
"020";"0050";"_";"_";"_";"_";"236_FON_S_PAZ";"236"
"020";"0050";"_";"_";"_";"_";"236_FON_S_PFEP";"236"
"020";"0050";"_";"_";"_";"_";"236_FON_S_PIMP";"236"
"020";"0050";"_";"_";"_";"_";"236_FON_S_PPR";"236"
"020";"0050";"_";"_";"_";"_";"236_FON_S_PPRIV";"236"
"020";"0050";"_";"_";"_";"_";"236_FON_S_PPROM";"236"
"020";"0050";"_";"_";"_";"_";"236_FON_S_PSB";"236"
"020";"0050";"_";"_";"_";"_";"236_FON_S_TAFF";"236"
"020";"0050";"_";"_";"_";"_";"236_FON_S_TALT";"236"
"020";"0050";"_";"_";"_";"_";"236_FON_S_TAZ";"236"
"020";"0050";"_";"_";"_";"_";"236_FON_S_TFEP";"236"
"020";"0050";"_";"_";"_";"_";"236_FON_S_TIMP";"236"
"020";"0050";"_";"_";"_";"_";"236_FON_S_TPR";"236"
"020";"0050";"_";"_";"_";"_";"236_FON_S_TPRIV";"236"
"020";"0050";"_";"_";"_";"_";"236_FON_S_TPROM";"236"
"020";"0050";"_";"_";"_";"_";"236_FON_S_TSB";"236"
"020";"0050";"_";"_";"_";"_";"236_FON_F_NGAFF";"236"
"020";"0050";"_";"_";"_";"_";"236_FON_F_NGALT";"236"
"020";"0050";"_";"_";"_";"_";"236_FON_F_NGAZ";"236"
"020";"0050";"_";"_";"_";"_";"236_FON_F_NGFEP";"236"
"020";"0050";"_";"_";"_";"_";"236_FON_F_NCAFF";"236"
"020";"0050";"_";"_";"_";"_";"236_FON_F_NCALT";"236"
"020";"0050";"_";"_";"_";"_";"236_FON_F_NCAZ";"236"
"020";"0050";"_";"_";"_";"_";"236_FON_F_NCFEP";"236"
"020";"0050";"_";"_";"_";"_";"236_FON_F_NCIMP";"236"
"020";"0050";"_";"_";"_";"_";"236_FON_F_NCPR";"236"
"020";"0050";"_";"_";"_";"_";"236_FON_F_NCPRIV";"236"
"020";"0050";"_";"_";"_";"_";"236_FON_F_NCPROM";"236"
"020";"0050";"_";"_";"_";"_";"236_FON_F_NCSB";"236"
"020";"0050";"_";"_";"_";"_";"236_FON_F_NPAFF";"236"
"020";"0050";"_";"_";"_";"_";"236_FON_F_NPALT";"236"
"020";"0050";"_";"_";"_";"_";"236_FON_F_NPAZ";"236"
"020";"0050";"_";"_";"_";"_";"236_FON_F_NPFEP";"236"
"020";"0050";"_";"_";"_";"_";"236_FON_F_NPIMP";"236"
"020";"0050";"_";"_";"_";"_";"236_FON_F_NPPR";"236"
"020";"0050";"_";"_";"_";"_";"236_FON_F_NPPRIV";"236"
"020";"0050";"_";"_";"_";"_";"236_FON_F_NPPROM";"236"
"020";"0050";"_";"_";"_";"_";"236_FON_F_NPSB";"236"
"020";"0050";"_";"_";"_";"_";"236_FON_F_NTAFF";"236"
"020";"0050";"_";"_";"_";"_";"236_FON_F_NTALT";"236"
"020";"0050";"_";"_";"_";"_";"236_FON_F_NTAZ";"236"
"020";"0050";"_";"_";"_";"_";"236_FON_F_NTFEP";"236"
"020";"0050";"_";"_";"_";"_";"236_FON_F_NTIMP";"236"
"020";"0050";"_";"_";"_";"_";"236_FON_F_NTPR";"236"
"020";"0050";"_";"_";"_";"_";"236_FON_F_NTPRIV";"236"
"020";"0050";"_";"_";"_";"_";"236_FON_F_NTPROM";"236"
"020";"0050";"_";"_";"_";"_";"236_FON_F_NTSB";"236"
"020";"0050";"_";"_";"_";"_";"236_FON_F_NGIMP";"236"
"020";"0050";"_";"_";"_";"_";"236_FON_F_NGNC";"236"
"020";"0050";"_";"_";"_";"_";"236_FON_F_NGPR";"236"
"020";"0050";"_";"_";"_";"_";"236_FON_F_NGPRIV";"236"
"020";"0050";"_";"_";"_";"_";"236_FON_F_NGPROM";"236"
"020";"0050";"_";"_";"_";"_";"236_FON_F_NGSB";"236"
"020";"0050";"_";"_";"_";"_";"236_FON_F_PGAFF";"236"
"020";"0050";"_";"_";"_";"_";"236_FON_F_PGALT";"236"
"020";"0050";"_";"_";"_";"_";"236_FON_F_PGAZ";"236"
"020";"0050";"_";"_";"_";"_";"236_FON_F_PGFEP";"236"
"020";"0050";"_";"_";"_";"_";"236_FON_F_PCAFF";"236"
"020";"0050";"_";"_";"_";"_";"236_FON_F_PCALT";"236"
"020";"0050";"_";"_";"_";"_";"236_FON_F_PCAZ";"236"
"020";"0050";"_";"_";"_";"_";"236_FON_F_PCFEP";"236"
"020";"0050";"_";"_";"_";"_";"236_FON_F_PCIMP";"236"
"020";"0050";"_";"_";"_";"_";"236_FON_F_PCPR";"236"
"020";"0050";"_";"_";"_";"_";"236_FON_F_PCPRIV";"236"
"020";"0050";"_";"_";"_";"_";"236_FON_F_PCPROM";"236"
"020";"0050";"_";"_";"_";"_";"236_FON_F_PCSB";"236"
"020";"0050";"_";"_";"_";"_";"236_FON_F_PPAFF";"236"
"020";"0050";"_";"_";"_";"_";"236_FON_F_PPALT";"236"
"020";"0050";"_";"_";"_";"_";"236_FON_F_PPAZ";"236"
"020";"0050";"_";"_";"_";"_";"236_FON_F_PPFEP";"236"
"020";"0050";"_";"_";"_";"_";"236_FON_F_PPIMP";"236"
"020";"0050";"_";"_";"_";"_";"236_FON_F_PPPR";"236"
"020";"0050";"_";"_";"_";"_";"236_FON_F_PPPRIV";"236"
"020";"0050";"_";"_";"_";"_";"236_FON_F_PPPROM";"236"
"020";"0050";"_";"_";"_";"_";"236_FON_F_PPSB";"236"
"020";"0050";"_";"_";"_";"_";"236_FON_F_PTAFF";"236"
"020";"0050";"_";"_";"_";"_";"236_FON_F_PTALT";"236"
"020";"0050";"_";"_";"_";"_";"236_FON_F_PTAZ";"236"
"020";"0050";"_";"_";"_";"_";"236_FON_F_PTFEP";"236"
"020";"0050";"_";"_";"_";"_";"236_FON_F_PTIMP";"236"
"020";"0050";"_";"_";"_";"_";"236_FON_F_PTPR";"236"
"020";"0050";"_";"_";"_";"_";"236_FON_F_PTPRIV";"236"
"020";"0050";"_";"_";"_";"_";"236_FON_F_PTPROM";"236"
"020";"0050";"_";"_";"_";"_";"236_FON_F_PTSB";"236"
"020";"0050";"_";"_";"_";"_";"236_FON_F_PGIMP";"236"
"020";"0050";"_";"_";"_";"_";"236_FON_F_PGNC";"236"
"020";"0050";"_";"_";"_";"_";"236_FON_F_PGPR";"236"
"020";"0050";"_";"_";"_";"_";"236_FON_F_PGPRIV";"236"
"020";"0050";"_";"_";"_";"_";"236_FON_F_PGPROM";"236"
"020";"0050";"_";"_";"_";"_";"236_FON_F_PGSB";"236"
"020";"0060";"_";"_";"_";"_";"236_BANCA_A_AVGETAPR";"236"
"020";"0060";"_";"_";"_";"_";"236_BANCA_A_AVGETAAZ";"236"
"020";"0060";"_";"_";"_";"_";"236_BANCA_A_AVGANZRAP";"236"
"020";"0060";"_";"_";"_";"_";"236_BANCA_G_PRST";"236"
"020";"0060";"_";"_";"_";"_";"236_BANCA_G_PRFLN";"236"
"020";"0060";"_";"_";"_";"_";"236_BANCA_G_PRFLP";"236"
"020";"0060";"_";"_";"_";"_";"236_BANCA_G_AFFST";"236"
"020";"0060";"_";"_";"_";"_";"236_BANCA_G_AFFFLN";"236"
"020";"0060";"_";"_";"_";"_";"236_BANCA_G_AFFFLP";"236"
"020";"0065";"_";"_";"_";"_";"236_BANCA_A_AVGETAPR";"236"
"020";"0065";"_";"_";"_";"_";"236_BANCA_A_AVGETAAZ";"236"
"020";"0065";"_";"_";"_";"_";"236_BANCA_A_AVGANZRAP";"236"
"020";"0065";"_";"_";"_";"_";"236_BANCA_G_PRST";"236"
"020";"0065";"_";"_";"_";"_";"236_BANCA_G_PRFLN";"236"
"020";"0065";"_";"_";"_";"_";"236_BANCA_G_PRFLP";"236"
"020";"0065";"_";"_";"_";"_";"236_BANCA_G_AFFST";"236"
"020";"0065";"_";"_";"_";"_";"236_BANCA_G_AFFFLN";"236"
"020";"0065";"_";"_";"_";"_";"236_BANCA_G_AFFFLP";"236"
"020";"0055";"_";"_";"_";"_";"236_BANCA_A_AVGETAPR";"236"
"020";"0055";"_";"_";"_";"_";"236_BANCA_A_AVGETAAZ";"236"
"020";"0055";"_";"_";"_";"_";"236_BANCA_A_AVGANZRAP";"236"
"020";"0055";"_";"_";"_";"_";"236_BANCA_G_PRST";"236"
"020";"0055";"_";"_";"_";"_";"236_BANCA_G_PRFLN";"236"
"020";"0055";"_";"_";"_";"_";"236_BANCA_G_PRFLP";"236"
"020";"0055";"_";"_";"_";"_";"236_BANCA_G_AFFST";"236"
"020";"0055";"_";"_";"_";"_";"236_BANCA_G_AFFFLN";"236"
"020";"0055";"_";"_";"_";"_";"236_BANCA_G_AFFFLP";"236"
"020";"0040";"_";"_";"_";"_";"236_NEGO_CNEURALTRO";"236"
"020";"0040";"_";"_";"_";"_";"236_NEGO_CNEURAZIALTRO";"236"
"020";"0040";"_";"_";"_";"_";"236_NEGO_CNEURAZIEUROPA";"236"
"020";"0040";"_";"_";"_";"_";"236_NEGO_CNEURAZIITALIA";"236"
"020";"0040";"_";"_";"_";"_";"236_NEGO_CNEURAZIUSA";"236"
"020";"0040";"_";"_";"_";"_";"236_NEGO_CNEURDERALTRO";"236"
"020";"0040";"_";"_";"_";"_";"236_NEGO_CNEURDEREUROPA";"236"
"020";"0040";"_";"_";"_";"_";"236_NEGO_CNEURDERITALIA";"236"
"020";"0040";"_";"_";"_";"_";"236_NEGO_CNEURDERUSA";"236"
"020";"0040";"_";"_";"_";"_";"236_NEGO_CNEUROBB";"236"
"020";"0040";"_";"_";"_";"_";"236_DNF_M_XNYSOD";"236"
"020";"0040";"_";"_";"_";"_";"236_DNF_M_XMILOD";"236"
"020";"0040";"_";"_";"_";"_";"236_DNF_N_SCAD";"236"
"020";"0040";"_";"_";"_";"_";"236_BANCA_A_AVGETAPR";"236"
"020";"0040";"_";"_";"_";"_";"236_BANCA_A_AVGETAAZ";"236"
"020";"0040";"_";"_";"_";"_";"236_BANCA_A_AVGANZRAP";"236"
"020";"0040";"_";"_";"_";"_";"236_BANCA_G_PRST";"236"
"020";"0040";"_";"_";"_";"_";"236_BANCA_G_PRFLN";"236"
"020";"0040";"_";"_";"_";"_";"236_BANCA_G_PRFLP";"236"
"020";"0040";"_";"_";"_";"_";"236_BANCA_G_AFFST";"236"
"020";"0040";"_";"_";"_";"_";"236_BANCA_G_AFFFLN";"236"
"020";"0040";"_";"_";"_";"_";"236_BANCA_G_AFFFLP";"236"
"020";"0043";"_";"_";"_";"_";"236_NEGO_CNEURALTRO";"236"
"020";"0043";"_";"_";"_";"_";"236_NEGO_CNEURAZIALTRO";"236"
"020";"0043";"_";"_";"_";"_";"236_NEGO_CNEURAZIEUROPA";"236"
"020";"0043";"_";"_";"_";"_";"236_NEGO_CNEURAZIITALIA";"236"
"020";"0043";"_";"_";"_";"_";"236_NEGO_CNEURAZIUSA";"236"
"020";"0043";"_";"_";"_";"_";"236_NEGO_CNEURDERALTRO";"236"
"020";"0043";"_";"_";"_";"_";"236_NEGO_CNEURDEREUROPA";"236"
"020";"0043";"_";"_";"_";"_";"236_NEGO_CNEURDERITALIA";"236"
"020";"0043";"_";"_";"_";"_";"236_NEGO_CNEURDERUSA";"236"
"020";"0043";"_";"_";"_";"_";"236_NEGO_CNEUROBB";"236"
"020";"0043";"_";"_";"_";"_";"236_DNF_M_XNYSOD";"236"
"020";"0043";"_";"_";"_";"_";"236_DNF_M_XMILOD";"236"
"020";"0043";"_";"_";"_";"_";"236_DNF_N_SCAD";"236"
"020";"0043";"_";"_";"_";"_";"236_BANCA_A_AVGETAPR";"236"
"020";"0043";"_";"_";"_";"_";"236_BANCA_A_AVGETAAZ";"236"
"020";"0043";"_";"_";"_";"_";"236_BANCA_A_AVGANZRAP";"236"
"020";"0043";"_";"_";"_";"_";"236_BANCA_G_PRST";"236"
"020";"0043";"_";"_";"_";"_";"236_BANCA_G_PRFLN";"236"
"020";"0043";"_";"_";"_";"_";"236_BANCA_G_PRFLP";"236"
"020";"0043";"_";"_";"_";"_";"236_BANCA_G_AFFST";"236"
"020";"0043";"_";"_";"_";"_";"236_BANCA_G_AFFFLN";"236"
"020";"0043";"_";"_";"_";"_";"236_BANCA_G_AFFFLP";"236"