DRV_COD;MONTH;VALUE
Euribor 3M;202001;-0.406
Euribor 3M;202002;-0.406
Euribor 3M;202003;-0.406
Euribor 3M;202004;-0.301
Euribor 3M;202005;-0.301
Euribor 3M;202006;-0.301
Euribor 3M;202007;-0.472
Euribor 3M;202008;-0.472
Euribor 3M;202009;-0.472
Euribor 3M;202010;-0.523
Euribor 3M;202011;-0.523
Euribor 3M;202012;-0.523
Euribor 3M;202101;-0.542
Euribor 3M;202102;-0.542
Euribor 3M;202103;-0.542
Euribor 3M;202104;-0.54
Euribor 3M;202105;-0.54
Euribor 3M;202106;-0.54
Euribor 3M;202107;-0.546
Euribor 3M;202108;-0.546
Euribor 3M;202109;-0.546
Euribor 3M;202110;-0.566
Euribor 3M;202111;-0.566
Euribor 3M;202112;-0.566
Euribor 3M;202201;-0.529
Euribor 3M;202202;-0.529
Euribor 3M;202203;-0.529
Euribor 3M;202204;-0.358
Euribor 3M;202205;-0.358
Euribor 3M;202206;-0.358
Euribor 3M;202207;0.477
Euribor 3M;202208;0.477
Euribor 3M;202209;0.477
Euribor 3M;202210;1.85
Euribor 3M;202211;1.85
Euribor 3M;202212;1.85
Euribor 3M;202301;2.345
Euribor 3M;202302;2.64
Euribor 3M;202303;2.911
Euribor 3M;202304;3.179
Euribor 3M;202305;3.372
Euribor 3M;202306;3.536
Euribor 3M;202307;3.672
Euribor 3M;202308;3.78
Euribor 3M;202309;3.88
Euribor 3M;202310;3.968
Euribor 3M;202311;3.972
Euribor 3M;202312;3.935
Euribor 3M;202401;3.925
Euribor 3M;202402;3.923
Euribor 3M;202403;3.923
Euribor 3M;202404;3.885
Euribor 3M;202405;3.813
Euribor 3M;202406;3.725
Euribor 3M;202407;3.685
Euribor 3M;202408;3.548
Euribor 3M;202409;3.434
Euribor 3M;202410;3.167
Euribor 3M;202411;3.007
Euribor 3M;202412;2.825
Euribor 3M;202501;2.71
Euribor 3M;202502;2.53
Euribor 3M;202503;2.44
Euribor 3M;202504;2.25
Euribor 3M;202505;2.09
Euribor 3M;202506;1.98
Euribor 3M;202507;1.99
Euribor 3M;202508;2.02
Euribor 3M;202509;2.03
Eurostoxx 50;202001;2786.9
Eurostoxx 50;202002;2786.9
Eurostoxx 50;202003;2786.9
Eurostoxx 50;202004;3234.07
Eurostoxx 50;202005;3234.07
Eurostoxx 50;202006;3234.07
Eurostoxx 50;202007;3193.61
Eurostoxx 50;202008;3193.61
Eurostoxx 50;202009;3193.61
Eurostoxx 50;202010;3552.64
Eurostoxx 50;202011;3552.64
Eurostoxx 50;202012;3552.64
Eurostoxx 50;202101;3919.21
Eurostoxx 50;202102;3919.21
Eurostoxx 50;202103;3919.21
Eurostoxx 50;202104;4064.3
Eurostoxx 50;202105;4064.3
Eurostoxx 50;202106;4064.3
Eurostoxx 50;202107;4048.08
Eurostoxx 50;202108;4048.08
Eurostoxx 50;202109;4048.08
Eurostoxx 50;202110;4298.41
Eurostoxx 50;202111;4298.41
Eurostoxx 50;202112;4298.41
Eurostoxx 50;202201;3902.52
Eurostoxx 50;202202;3902.52
Eurostoxx 50;202203;3902.52
Eurostoxx 50;202204;3454.86
Eurostoxx 50;202205;3454.86
Eurostoxx 50;202206;3454.86
Eurostoxx 50;202207;3368.528
Eurostoxx 50;202208;3368.528
Eurostoxx 50;202209;3368.528
Eurostoxx 50;202210;3282.195
Eurostoxx 50;202211;3282.195
Eurostoxx 50;202212;3282.195
Eurostoxx 50;202301;4315.05
Eurostoxx 50;202302;4315.05
Eurostoxx 50;202303;4315.05
Eurostoxx 50;202304;4399.09
Eurostoxx 50;202305;4399.09
Eurostoxx 50;202306;4399.09
Eurostoxx 50;202307;4174.66
Eurostoxx 50;202308;4174.66
Eurostoxx 50;202309;4174.66
Eurostoxx 50;202310;4521.44
Eurostoxx 50;202311;4521.44
Eurostoxx 50;202312;4521.44
Eurostoxx 50;202401;5083.42
Eurostoxx 50;202402;5083.42
Eurostoxx 50;202403;5083.42
Eurostoxx 50;202404;4894.02
Eurostoxx 50;202405;4894.02
Eurostoxx 50;202406;4894.02
Eurostoxx 50;202407;5000.45
Eurostoxx 50;202408;5000.45
Eurostoxx 50;202409;5000.45
Eurostoxx 50;202410;4850.2
Eurostoxx 50;202411;4920.15
Eurostoxx 50;202412;5080.3
Eurostoxx 50;202501;5120.45
Eurostoxx 50;202502;5180.2
Eurostoxx 50;202503;5210.3
Eurostoxx 50;202504;5275.4
Eurostoxx 50;202505;5310.1
Eurostoxx 50;202506;5120.45
Eurostoxx 50;202507;5080.15
Eurostoxx 50;202508;4950.8
Eurostoxx 50;202509;4980.1
EURUSD;202001;1.103
EURUSD;202002;1.103
EURUSD;202003;1.103
EURUSD;202004;1.101
EURUSD;202005;1.101
EURUSD;202006;1.101
EURUSD;202007;1.169
EURUSD;202008;1.169
EURUSD;202009;1.169
EURUSD;202010;1.193
EURUSD;202011;1.193
EURUSD;202012;1.193
EURUSD;202101;1.205
EURUSD;202102;1.205
EURUSD;202103;1.205
EURUSD;202104;1.205
EURUSD;202105;1.205
EURUSD;202106;1.205
EURUSD;202107;1.179
EURUSD;202108;1.179
EURUSD;202109;1.179
EURUSD;202110;1.143
EURUSD;202111;1.143
EURUSD;202112;1.143
EURUSD;202201;1.122
EURUSD;202202;1.122
EURUSD;202203;1.122
EURUSD;202204;1.065
EURUSD;202205;1.065
EURUSD;202206;1.065
EURUSD;202207;1.01
EURUSD;202208;1.01
EURUSD;202209;1.01
EURUSD;202210;1
EURUSD;202211;1
EURUSD;202212;1
EURUSD;202301;1.073
EURUSD;202302;1.073
EURUSD;202303;1.073
EURUSD;202304;1.089
EURUSD;202305;1.089
EURUSD;202306;1.089
EURUSD;202307;1.088
EURUSD;202308;1.088
EURUSD;202309;1.088
EURUSD;202310;1.076
EURUSD;202311;1.076
EURUSD;202312;1.076
EURUSD;202401;1.086
EURUSD;202402;1.086
EURUSD;202403;1.086
EURUSD;202404;1.077
EURUSD;202405;1.077
EURUSD;202406;1.077
EURUSD;202407;1.099
EURUSD;202408;1.099
EURUSD;202409;1.099
EURUSD;202410;1.085
EURUSD;202411;1.079
EURUSD;202412;1.092
EURUSD;202501;1.104
EURUSD;202502;1.112
EURUSD;202503;1.118
EURUSD;202504;1.125
EURUSD;202505;1.122
EURUSD;202506;1.118
EURUSD;202507;1.115
EURUSD;202508;1.109
EURUSD;202509;1.105
Ftse Mib;202001;17050.94
Ftse Mib;202002;17050.94
Ftse Mib;202003;17050.94
Ftse Mib;202004;19375.52
Ftse Mib;202005;19375.52
Ftse Mib;202006;19375.52
Ftse Mib;202007;19015.27
Ftse Mib;202008;19015.27
Ftse Mib;202009;19015.27
Ftse Mib;202010;22232.9
Ftse Mib;202011;22232.9
Ftse Mib;202012;22232.9
Ftse Mib;202101;24648.56
Ftse Mib;202102;24648.56
Ftse Mib;202103;24648.56
Ftse Mib;202104;25102.04
Ftse Mib;202105;25102.04
Ftse Mib;202106;25102.04
Ftse Mib;202107;25683.81
Ftse Mib;202108;25683.81
Ftse Mib;202109;25683.81
Ftse Mib;202110;27346.83
Ftse Mib;202111;27346.83
Ftse Mib;202112;27346.83
Ftse Mib;202201;25021.26
Ftse Mib;202202;25021.26
Ftse Mib;202203;25021.26
Ftse Mib;202204;21293.86
Ftse Mib;202205;21293.86
Ftse Mib;202206;21293.86
Ftse Mib;202207;21392.802
Ftse Mib;202208;21392.802
Ftse Mib;202209;21392.802
Ftse Mib;202210;20893.248
Ftse Mib;202211;20893.248
Ftse Mib;202212;20893.248
Ftse Mib;202301;26599.74
Ftse Mib;202302;27478.37
Ftse Mib;202303;27113.95
Ftse Mib;202304;27077.44
Ftse Mib;202305;26051.33
Ftse Mib;202306;28230.83
Ftse Mib;202307;29644.71
Ftse Mib;202308;28831.52
Ftse Mib;202309;28243.26
Ftse Mib;202310;27741.91
Ftse Mib;202311;29737.38
Ftse Mib;202312;30351.62
Ftse Mib;202401;30744.24
Ftse Mib;202402;32580.94
Ftse Mib;202403;34750.35
Ftse Mib;202404;33746.66
Ftse Mib;202405;34492.41
Ftse Mib;202406;33154.05
Ftse Mib;202407;33763.86
Ftse Mib;202408;34372.67
Ftse Mib;202409;34125.26
Ftse Mib;202410;34281.24
Ftse Mib;202411;34125.26
Ftse Mib;202412;34372.67
Ftse Mib;202501;33763.86
Ftse Mib;202502;33154.05
Ftse Mib;202503;34492.41
Ftse Mib;202504;33746.66
Ftse Mib;202505;34750.35
Ftse Mib;202506;32580.94
Ftse Mib;202507;30351.62
Ftse Mib;202508;29737.38
Ftse Mib;202509;27741.91
Inflazione - Italia (% a/a);202001;0.196
Inflazione - Italia (% a/a);202002;0.196
Inflazione - Italia (% a/a);202003;0.196
Inflazione - Italia (% a/a);202004;-0.192
Inflazione - Italia (% a/a);202005;-0.192
Inflazione - Italia (% a/a);202006;-0.192
Inflazione - Italia (% a/a);202007;-0.292
Inflazione - Italia (% a/a);202008;-0.292
Inflazione - Italia (% a/a);202009;-0.292
Inflazione - Italia (% a/a);202010;-0.385
Inflazione - Italia (% a/a);202011;-0.385
Inflazione - Italia (% a/a);202012;-0.385
Inflazione - Italia (% a/a);202101;0.782
Inflazione - Italia (% a/a);202102;0.782
Inflazione - Italia (% a/a);202103;0.782
Inflazione - Italia (% a/a);202104;1.155
Inflazione - Italia (% a/a);202105;1.155
Inflazione - Italia (% a/a);202106;1.155
Inflazione - Italia (% a/a);202107;2.146
Inflazione - Italia (% a/a);202108;2.146
Inflazione - Italia (% a/a);202109;2.146
Inflazione - Italia (% a/a);202110;3.675
Inflazione - Italia (% a/a);202111;3.675
Inflazione - Italia (% a/a);202112;3.675
Inflazione - Italia (% a/a);202201;6.014
Inflazione - Italia (% a/a);202202;6.014
Inflazione - Italia (% a/a);202203;6.014
Inflazione - Italia (% a/a);202204;7.224
Inflazione - Italia (% a/a);202205;7.224
Inflazione - Italia (% a/a);202206;7.224
Inflazione - Italia (% a/a);202207;8.972
Inflazione - Italia (% a/a);202208;8.972
Inflazione - Italia (% a/a);202209;8.972
Inflazione - Italia (% a/a);202210;9.794
Inflazione - Italia (% a/a);202211;9.794
Inflazione - Italia (% a/a);202212;9.794
Inflazione - Italia (% a/a);202301;9.471
Inflazione - Italia (% a/a);202302;9.471
Inflazione - Italia (% a/a);202303;9.471
Inflazione - Italia (% a/a);202304;7.829
Inflazione - Italia (% a/a);202305;7.829
Inflazione - Italia (% a/a);202306;7.829
Inflazione - Italia (% a/a);202307;5.768
Inflazione - Italia (% a/a);202308;5.768
Inflazione - Italia (% a/a);202309;5.768
Inflazione - Italia (% a/a);202310;1.004
Inflazione - Italia (% a/a);202311;1.004
Inflazione - Italia (% a/a);202312;1.004
Inflazione - Italia (% a/a);202401;1.003
Inflazione - Italia (% a/a);202402;1.003
Inflazione - Italia (% a/a);202403;1.003
Inflazione - Italia (% a/a);202404;0.905
Inflazione - Italia (% a/a);202405;0.905
Inflazione - Italia (% a/a);202406;0.905
Inflazione - Italia (% a/a);202407;1.16
Inflazione - Italia (% a/a);202408;1.16
Inflazione - Italia (% a/a);202409;1.16
Inflazione - Italia (% a/a);202410;1.8
Inflazione - Italia (% a/a);202411;1.85
Inflazione - Italia (% a/a);202412;1.9
Inflazione - Italia (% a/a);202501;1.97
Inflazione - Italia (% a/a);202502;2.03
Inflazione - Italia (% a/a);202503;2.1
Inflazione - Italia (% a/a);202504;2.07
Inflazione - Italia (% a/a);202505;2.03
Inflazione - Italia (% a/a);202506;2
Inflazione - Italia (% a/a);202507;1.98
Inflazione - Italia (% a/a);202508;1.97
Inflazione - Italia (% a/a);202509;1.95
Investimenti in macchinari - Italia (% a/a);202001;-14.097
Investimenti in macchinari - Italia (% a/a);202002;-14.097
Investimenti in macchinari - Italia (% a/a);202003;-14.097
Investimenti in macchinari - Italia (% a/a);202004;-30.129
Investimenti in macchinari - Italia (% a/a);202005;-30.129
Investimenti in macchinari - Italia (% a/a);202006;-30.129
Investimenti in macchinari - Italia (% a/a);202007;-9.511
Investimenti in macchinari - Italia (% a/a);202008;-9.511
Investimenti in macchinari - Italia (% a/a);202009;-9.511
Investimenti in macchinari - Italia (% a/a);202010;-5.899
Investimenti in macchinari - Italia (% a/a);202011;-5.899
Investimenti in macchinari - Italia (% a/a);202012;-5.899
Investimenti in macchinari - Italia (% a/a);202101;13.225
Investimenti in macchinari - Italia (% a/a);202102;13.225
Investimenti in macchinari - Italia (% a/a);202103;13.225
Investimenti in macchinari - Italia (% a/a);202104;40.456
Investimenti in macchinari - Italia (% a/a);202105;40.456
Investimenti in macchinari - Italia (% a/a);202106;40.456
Investimenti in macchinari - Italia (% a/a);202107;11.512
Investimenti in macchinari - Italia (% a/a);202108;11.512
Investimenti in macchinari - Italia (% a/a);202109;11.512
Investimenti in macchinari - Italia (% a/a);202110;11.686
Investimenti in macchinari - Italia (% a/a);202111;11.686
Investimenti in macchinari - Italia (% a/a);202112;11.686
Investimenti in macchinari - Italia (% a/a);202201;11.526
Investimenti in macchinari - Italia (% a/a);202202;11.526
Investimenti in macchinari - Italia (% a/a);202203;11.526
Investimenti in macchinari - Italia (% a/a);202204;10.263
Investimenti in macchinari - Italia (% a/a);202205;10.263
Investimenti in macchinari - Italia (% a/a);202206;10.263
Investimenti in macchinari - Italia (% a/a);202207;8.956
Investimenti in macchinari - Italia (% a/a);202208;8.956
Investimenti in macchinari - Italia (% a/a);202209;8.956
Investimenti in macchinari - Italia (% a/a);202210;6.509
Investimenti in macchinari - Italia (% a/a);202211;6.509
Investimenti in macchinari - Italia (% a/a);202212;6.509
Investimenti in macchinari - Italia (% a/a);202301;9.374
Investimenti in macchinari - Italia (% a/a);202302;9.374
Investimenti in macchinari - Italia (% a/a);202303;9.374
Investimenti in macchinari - Italia (% a/a);202304;7.316
Investimenti in macchinari - Italia (% a/a);202305;7.316
Investimenti in macchinari - Italia (% a/a);202306;7.316
Investimenti in macchinari - Italia (% a/a);202307;8.939
Investimenti in macchinari - Italia (% a/a);202308;8.939
Investimenti in macchinari - Italia (% a/a);202309;8.939
Investimenti in macchinari - Italia (% a/a);202310;9.171
Investimenti in macchinari - Italia (% a/a);202311;9.171
Investimenti in macchinari - Italia (% a/a);202312;9.171
Investimenti in macchinari - Italia (% a/a);202401;1.822
Investimenti in macchinari - Italia (% a/a);202402;1.822
Investimenti in macchinari - Italia (% a/a);202403;1.822
Investimenti in macchinari - Italia (% a/a);202404;1.956
Investimenti in macchinari - Italia (% a/a);202405;1.956
Investimenti in macchinari - Italia (% a/a);202406;1.956
Investimenti in macchinari - Italia (% a/a);202407;-1.052
Investimenti in macchinari - Italia (% a/a);202408;-1.052
Investimenti in macchinari - Italia (% a/a);202409;-1.052
Investimenti in macchinari - Italia (% a/a);202410;-0.82
Investimenti in macchinari - Italia (% a/a);202411;-0.45
Investimenti in macchinari - Italia (% a/a);202412;0.12
Investimenti in macchinari - Italia (% a/a);202501;0.45
Investimenti in macchinari - Italia (% a/a);202502;0.78
Investimenti in macchinari - Italia (% a/a);202503;1.1
Investimenti in macchinari - Italia (% a/a);202504;1.35
Investimenti in macchinari - Italia (% a/a);202505;1.52
Investimenti in macchinari - Italia (% a/a);202506;1.68
Investimenti in macchinari - Italia (% a/a);202507;1.85
Investimenti in macchinari - Italia (% a/a);202508;1.92
Investimenti in macchinari - Italia (% a/a);202509;2.05
IRS 10Y;202001;-0.018
IRS 10Y;202002;-0.018
IRS 10Y;202003;-0.018
IRS 10Y;202004;-0.096
IRS 10Y;202005;-0.096
IRS 10Y;202006;-0.096
IRS 10Y;202007;-0.201
IRS 10Y;202008;-0.201
IRS 10Y;202009;-0.201
IRS 10Y;202010;-0.251
IRS 10Y;202011;-0.251
IRS 10Y;202012;-0.251
IRS 10Y;202101;-0.088
IRS 10Y;202102;-0.088
IRS 10Y;202103;-0.088
IRS 10Y;202104;0.106
IRS 10Y;202105;0.106
IRS 10Y;202106;0.106
IRS 10Y;202107;-0.011
IRS 10Y;202108;-0.011
IRS 10Y;202109;-0.011
IRS 10Y;202110;0.188
IRS 10Y;202111;0.188
IRS 10Y;202112;0.188
IRS 10Y;202201;0.711
IRS 10Y;202202;0.711
IRS 10Y;202203;0.711
IRS 10Y;202204;1.843
IRS 10Y;202205;1.843
IRS 10Y;202206;1.843
IRS 10Y;202207;2.086
IRS 10Y;202208;2.086
IRS 10Y;202209;2.086
IRS 10Y;202210;2.396
IRS 10Y;202211;2.396
IRS 10Y;202212;2.396
IRS 10Y;202301;2.81
IRS 10Y;202302;2.971
IRS 10Y;202303;3.047
IRS 10Y;202304;3.002
IRS 10Y;202305;3.015
IRS 10Y;202306;3.008
IRS 10Y;202307;3.105
IRS 10Y;202308;3.169
IRS 10Y;202309;3.243
IRS 10Y;202310;3.409
IRS 10Y;202311;3.108
IRS 10Y;202312;2.599
IRS 10Y;202401;2.641
IRS 10Y;202402;2.725
IRS 10Y;202403;2.643
IRS 10Y;202404;2.765
IRS 10Y;202405;2.804
IRS 10Y;202406;2.79
IRS 10Y;202407;2.743
IRS 10Y;202408;2.506
IRS 10Y;202409;2.424
IRS 10Y;202410;2.42
IRS 10Y;202411;2.424
IRS 10Y;202412;2.506
IRS 10Y;202501;2.743
IRS 10Y;202502;2.79
IRS 10Y;202503;2.804
IRS 10Y;202504;2.765
IRS 10Y;202505;2.643
IRS 10Y;202506;2.725
IRS 10Y;202507;2.641
IRS 10Y;202508;2.599
IRS 10Y;202509;2.599
PIL - Italia (% a/a);202001;-6.406
PIL - Italia (% a/a);202002;-6.406
PIL - Italia (% a/a);202003;-6.406
PIL - Italia (% a/a);202004;-18.479
PIL - Italia (% a/a);202005;-18.479
PIL - Italia (% a/a);202006;-18.479
PIL - Italia (% a/a);202007;-5.357
PIL - Italia (% a/a);202008;-5.357
PIL - Italia (% a/a);202009;-5.357
PIL - Italia (% a/a);202010;-6.088
PIL - Italia (% a/a);202011;-6.088
PIL - Italia (% a/a);202012;-6.088
PIL - Italia (% a/a);202101;0.023
PIL - Italia (% a/a);202102;0.023
PIL - Italia (% a/a);202103;0.023
PIL - Italia (% a/a);202104;17.536
PIL - Italia (% a/a);202105;17.536
PIL - Italia (% a/a);202106;17.536
PIL - Italia (% a/a);202107;3.989
PIL - Italia (% a/a);202108;3.989
PIL - Italia (% a/a);202109;3.989
PIL - Italia (% a/a);202110;6.367
PIL - Italia (% a/a);202111;6.367
PIL - Italia (% a/a);202112;6.367
PIL - Italia (% a/a);202201;6.273
PIL - Italia (% a/a);202202;6.273
PIL - Italia (% a/a);202203;6.273
PIL - Italia (% a/a);202204;4.722
PIL - Italia (% a/a);202205;4.722
PIL - Italia (% a/a);202206;4.722
PIL - Italia (% a/a);202207;2.015
PIL - Italia (% a/a);202208;2.015
PIL - Italia (% a/a);202209;2.015
PIL - Italia (% a/a);202210;0.944
PIL - Italia (% a/a);202211;0.944
PIL - Italia (% a/a);202212;0.944
PIL - Italia (% a/a);202301;2.255
PIL - Italia (% a/a);202302;2.255
PIL - Italia (% a/a);202303;2.255
PIL - Italia (% a/a);202304;0.489
PIL - Italia (% a/a);202305;0.489
PIL - Italia (% a/a);202306;0.489
PIL - Italia (% a/a);202307;0.136
PIL - Italia (% a/a);202308;0.136
PIL - Italia (% a/a);202309;0.136
PIL - Italia (% a/a);202310;0.325
PIL - Italia (% a/a);202311;0.325
PIL - Italia (% a/a);202312;0.325
PIL - Italia (% a/a);202401;0.306
PIL - Italia (% a/a);202402;0.306
PIL - Italia (% a/a);202403;0.306
PIL - Italia (% a/a);202404;0.666
PIL - Italia (% a/a);202405;0.666
PIL - Italia (% a/a);202406;0.666
PIL - Italia (% a/a);202407;0.448
PIL - Italia (% a/a);202408;0.448
PIL - Italia (% a/a);202409;0.448
PIL - Italia (% a/a);202410;0.6
PIL - Italia (% a/a);202411;0.65
PIL - Italia (% a/a);202412;0.7
PIL - Italia (% a/a);202501;0.73
PIL - Italia (% a/a);202502;0.77
PIL - Italia (% a/a);202503;0.8
PIL - Italia (% a/a);202504;0.82
PIL - Italia (% a/a);202505;0.84
PIL - Italia (% a/a);202506;0.85
PIL - Italia (% a/a);202507;0.87
PIL - Italia (% a/a);202508;0.88
PIL - Italia (% a/a);202509;0.9
PIL - Italia (livello);202001;404516.5
PIL - Italia (livello);202002;404516.5
PIL - Italia (livello);202003;404516.5
PIL - Italia (livello);202004;353305.7
PIL - Italia (livello);202005;353305.7
PIL - Italia (livello);202006;353305.7
PIL - Italia (livello);202007;410253.3
PIL - Italia (livello);202008;410253.3
PIL - Italia (livello);202009;410253.3
PIL - Italia (livello);202010;403798.8
PIL - Italia (livello);202011;403798.8
PIL - Italia (livello);202012;403798.8
PIL - Italia (livello);202101;404609.6
PIL - Italia (livello);202102;404609.6
PIL - Italia (livello);202103;404609.6
PIL - Italia (livello);202104;415260.7
PIL - Italia (livello);202105;415260.7
PIL - Italia (livello);202106;415260.7
PIL - Italia (livello);202107;426619
PIL - Italia (livello);202108;426619
PIL - Italia (livello);202109;426619
PIL - Italia (livello);202110;429508.5
PIL - Italia (livello);202111;429508.5
PIL - Italia (livello);202112;429508.5
PIL - Italia (livello);202201;429990.6
PIL - Italia (livello);202202;429990.6
PIL - Italia (livello);202203;429990.6
PIL - Italia (livello);202204;434868.9
PIL - Italia (livello);202205;434868.9
PIL - Italia (livello);202206;434868.9
PIL - Italia (livello);202207;435216.795
PIL - Italia (livello);202208;435216.795
PIL - Italia (livello);202209;435216.795
PIL - Italia (livello);202210;433562.627
PIL - Italia (livello);202211;433562.627
PIL - Italia (livello);202212;433562.627
PIL - Italia (livello);202301;479740.7
PIL - Italia (livello);202302;479740.7
PIL - Italia (livello);202303;479740.7
PIL - Italia (livello);202304;478808.6
PIL - Italia (livello);202305;478808.6
PIL - Italia (livello);202306;478808.6
PIL - Italia (livello);202307;479832.3
PIL - Italia (livello);202308;479832.3
PIL - Italia (livello);202309;479832.3
PIL - Italia (livello);202310;479656.3
PIL - Italia (livello);202311;479656.3
PIL - Italia (livello);202312;479656.3
PIL - Italia (livello);202401;481209.4
PIL - Italia (livello);202402;481209.4
PIL - Italia (livello);202403;481209.4
PIL - Italia (livello);202404;481997
PIL - Italia (livello);202405;481997
PIL - Italia (livello);202406;481997
PIL - Italia (livello);202407;481980.5
PIL - Italia (livello);202408;481980.5
PIL - Italia (livello);202409;481980.5
PIL - Italia (livello);202410;485000
PIL - Italia (livello);202411;486000
PIL - Italia (livello);202412;487000
PIL - Italia (livello);202501;487600
PIL - Italia (livello);202502;488300
PIL - Italia (livello);202503;489000
PIL - Italia (livello);202504;489700
PIL - Italia (livello);202505;490300
PIL - Italia (livello);202506;491000
PIL - Italia (livello);202507;492000
PIL - Italia (livello);202508;493000
PIL - Italia (livello);202509;494000
Prezzi immobili (% a/a);202001;1.562
Prezzi immobili (% a/a);202002;1.562
Prezzi immobili (% a/a);202003;1.562
Prezzi immobili (% a/a);202004;0.076
Prezzi immobili (% a/a);202005;0.076
Prezzi immobili (% a/a);202006;0.076
Prezzi immobili (% a/a);202007;0.342
Prezzi immobili (% a/a);202008;0.342
Prezzi immobili (% a/a);202009;0.342
Prezzi immobili (% a/a);202010;-0.719
Prezzi immobili (% a/a);202011;-0.719
Prezzi immobili (% a/a);202012;-0.719
Prezzi immobili (% a/a);202101;-1.538
Prezzi immobili (% a/a);202102;-1.538
Prezzi immobili (% a/a);202103;-1.538
Prezzi immobili (% a/a);202104;0.533
Prezzi immobili (% a/a);202105;0.533
Prezzi immobili (% a/a);202106;0.533
Prezzi immobili (% a/a);202107;0.721
Prezzi immobili (% a/a);202108;0.721
Prezzi immobili (% a/a);202109;0.721
Prezzi immobili (% a/a);202110;1.714
Prezzi immobili (% a/a);202111;1.714
Prezzi immobili (% a/a);202112;1.714
Prezzi immobili (% a/a);202201;2.59
Prezzi immobili (% a/a);202202;2.59
Prezzi immobili (% a/a);202203;2.59
Prezzi immobili (% a/a);202204;3.22
Prezzi immobili (% a/a);202205;3.22
Prezzi immobili (% a/a);202206;3.22
Prezzi immobili (% a/a);202207;3.2
Prezzi immobili (% a/a);202208;3.2
Prezzi immobili (% a/a);202209;3.2
Prezzi immobili (% a/a);202210;3.192
Prezzi immobili (% a/a);202211;3.192
Prezzi immobili (% a/a);202212;3.192
Prezzi immobili (% a/a);202301;2.674
Prezzi immobili (% a/a);202302;2.674
Prezzi immobili (% a/a);202303;2.674
Prezzi immobili (% a/a);202304;1.945
Prezzi immobili (% a/a);202305;1.945
Prezzi immobili (% a/a);202306;1.945
Prezzi immobili (% a/a);202307;1.57
Prezzi immobili (% a/a);202308;1.57
Prezzi immobili (% a/a);202309;1.57
Prezzi immobili (% a/a);202310;1.452
Prezzi immobili (% a/a);202311;1.452
Prezzi immobili (% a/a);202312;1.452
Prezzi immobili (% a/a);202401;1.591
Prezzi immobili (% a/a);202402;1.591
Prezzi immobili (% a/a);202403;1.591
Prezzi immobili (% a/a);202404;1.98
Prezzi immobili (% a/a);202405;1.98
Prezzi immobili (% a/a);202406;1.98
Prezzi immobili (% a/a);202407;2.085
Prezzi immobili (% a/a);202408;2.085
Prezzi immobili (% a/a);202409;2.085
Prezzi immobili (% a/a);202410;1.5
Prezzi immobili (% a/a);202411;1.57
Prezzi immobili (% a/a);202412;1.65
Prezzi immobili (% a/a);202501;1.71
Prezzi immobili (% a/a);202502;1.76
Prezzi immobili (% a/a);202503;1.8
Prezzi immobili (% a/a);202504;1.83
Prezzi immobili (% a/a);202505;1.87
Prezzi immobili (% a/a);202506;1.9
Prezzi immobili (% a/a);202507;1.93
Prezzi immobili (% a/a);202508;1.97
Prezzi immobili (% a/a);202509;2
SPREAD ITA GER;202001;1.656
SPREAD ITA GER;202002;1.656
SPREAD ITA GER;202003;1.656
SPREAD ITA GER;202004;2.063
SPREAD ITA GER;202005;2.063
SPREAD ITA GER;202006;2.063
SPREAD ITA GER;202007;1.492
SPREAD ITA GER;202008;1.492
SPREAD ITA GER;202009;1.492
SPREAD ITA GER;202010;1.232
SPREAD ITA GER;202011;1.232
SPREAD ITA GER;202012;1.232
SPREAD ITA GER;202101;1.035
SPREAD ITA GER;202102;1.035
SPREAD ITA GER;202103;1.035
SPREAD ITA GER;202104;1.079
SPREAD ITA GER;202105;1.079
SPREAD ITA GER;202106;1.079
SPREAD ITA GER;202107;1.041
SPREAD ITA GER;202108;1.041
SPREAD ITA GER;202109;1.041
SPREAD ITA GER;202110;1.209
SPREAD ITA GER;202111;1.209
SPREAD ITA GER;202112;1.209
SPREAD ITA GER;202201;1.488
SPREAD ITA GER;202202;1.488
SPREAD ITA GER;202203;1.488
SPREAD ITA GER;202204;1.893
SPREAD ITA GER;202205;1.893
SPREAD ITA GER;202206;1.893
SPREAD ITA GER;202207;2.265
SPREAD ITA GER;202208;2.265
SPREAD ITA GER;202209;2.265
SPREAD ITA GER;202210;2.7
SPREAD ITA GER;202211;2.7
SPREAD ITA GER;202212;2.7
SPREAD ITA GER;202301;1.876
SPREAD ITA GER;202302;1.865
SPREAD ITA GER;202303;1.85
SPREAD ITA GER;202304;1.855
SPREAD ITA GER;202305;1.871
SPREAD ITA GER;202306;1.679
SPREAD ITA GER;202307;1.665
SPREAD ITA GER;202308;1.66
SPREAD ITA GER;202309;1.798
SPREAD ITA GER;202310;1.986
SPREAD ITA GER;202311;1.81
SPREAD ITA GER;202312;1.689
SPREAD ITA GER;202401;1.591
SPREAD ITA GER;202402;1.509
SPREAD ITA GER;202403;1.315
SPREAD ITA GER;202404;1.396
SPREAD ITA GER;202405;1.312
SPREAD ITA GER;202406;1.46
SPREAD ITA GER;202407;1.345
SPREAD ITA GER;202408;1.398
SPREAD ITA GER;202409;1.385
SPREAD ITA GER;202410;1.259
SPREAD ITA GER;202411;1.214
SPREAD ITA GER;202412;1.689
SPREAD ITA GER;202501;1.591
SPREAD ITA GER;202502;1.509
SPREAD ITA GER;202503;1.315
SPREAD ITA GER;202504;1.396
SPREAD ITA GER;202505;1.312
SPREAD ITA GER;202506;1.46
SPREAD ITA GER;202507;1.345
SPREAD ITA GER;202508;1.398
SPREAD ITA GER;202509;1.385
Tasso di disoccupazione - Italia;202001;9.01
Tasso di disoccupazione - Italia;202002;9.01
Tasso di disoccupazione - Italia;202003;9.01
Tasso di disoccupazione - Italia;202004;8.59
Tasso di disoccupazione - Italia;202005;8.59
Tasso di disoccupazione - Italia;202006;8.59
Tasso di disoccupazione - Italia;202007;10.03
Tasso di disoccupazione - Italia;202008;10.03
Tasso di disoccupazione - Italia;202009;10.03
Tasso di disoccupazione - Italia;202010;9.78
Tasso di disoccupazione - Italia;202011;9.78
Tasso di disoccupazione - Italia;202012;9.78
Tasso di disoccupazione - Italia;202101;10.16
Tasso di disoccupazione - Italia;202102;10.16
Tasso di disoccupazione - Italia;202103;10.16
Tasso di disoccupazione - Italia;202104;9.82
Tasso di disoccupazione - Italia;202105;9.82
Tasso di disoccupazione - Italia;202106;9.82
Tasso di disoccupazione - Italia;202107;9.11
Tasso di disoccupazione - Italia;202108;9.11
Tasso di disoccupazione - Italia;202109;9.11
Tasso di disoccupazione - Italia;202110;9.02
Tasso di disoccupazione - Italia;202111;9.02
Tasso di disoccupazione - Italia;202112;9.02
Tasso di disoccupazione - Italia;202201;8.5
Tasso di disoccupazione - Italia;202202;8.5
Tasso di disoccupazione - Italia;202203;8.5
Tasso di disoccupazione - Italia;202204;8.07
Tasso di disoccupazione - Italia;202205;8.07
Tasso di disoccupazione - Italia;202206;8.07
Tasso di disoccupazione - Italia;202207;8.003
Tasso di disoccupazione - Italia;202208;8.003
Tasso di disoccupazione - Italia;202209;8.003
Tasso di disoccupazione - Italia;202210;8.041
Tasso di disoccupazione - Italia;202211;8.041
Tasso di disoccupazione - Italia;202212;8.041
Tasso di disoccupazione - Italia;202301;7.86
Tasso di disoccupazione - Italia;202302;7.86
Tasso di disoccupazione - Italia;202303;7.86
Tasso di disoccupazione - Italia;202304;7.7
Tasso di disoccupazione - Italia;202305;7.7
Tasso di disoccupazione - Italia;202306;7.7
Tasso di disoccupazione - Italia;202307;7.72
Tasso di disoccupazione - Italia;202308;7.72
Tasso di disoccupazione - Italia;202309;7.72
Tasso di disoccupazione - Italia;202310;7.44
Tasso di disoccupazione - Italia;202311;7.44
Tasso di disoccupazione - Italia;202312;7.44
Tasso di disoccupazione - Italia;202401;7.12
Tasso di disoccupazione - Italia;202402;7.12
Tasso di disoccupazione - Italia;202403;7.12
Tasso di disoccupazione - Italia;202404;6.74
Tasso di disoccupazione - Italia;202405;6.74
Tasso di disoccupazione - Italia;202406;6.74
Tasso di disoccupazione - Italia;202407;6.18
Tasso di disoccupazione - Italia;202408;6.18
Tasso di disoccupazione - Italia;202409;6.18
Tasso di disoccupazione - Italia;202410;6.1
Tasso di disoccupazione - Italia;202411;6.1
Tasso di disoccupazione - Italia;202412;6.1
Tasso di disoccupazione - Italia;202501;6.15
Tasso di disoccupazione - Italia;202502;6.15
Tasso di disoccupazione - Italia;202503;6.15
Tasso di disoccupazione - Italia;202504;5.98
Tasso di disoccupazione - Italia;202505;5.98
Tasso di disoccupazione - Italia;202506;5.98
Tasso di disoccupazione - Italia;202507;5.9
Tasso di disoccupazione - Italia;202508;5.9
Tasso di disoccupazione - Italia;202509;5.9
