ECO_COD;ECO_DSC;ECO_GRP_0;ECO_GRP_1;ECO_GRP_2
2455000000490;PARCELLE LEGALI - NOTARILI - FISCALI;PARCELLE LEGALI, FISCALI, NOTARILI;PARCELLE ALTRE;
245A000000490;PARCELLE FISCALI NO CAUSE NO OPERAZ SOCIETARIE;PARCELLE LEGALI, FISCALI, NOTARILI;PARCELLE FISCALI;
245A000000491;PARCELLE FISCALI CONTENZIOSI FISCALI;PARCELLE LEGALI, FISCALI, NOTARILI;PARCELLE FISCALI;
245A000000492;PARCELLE FISCALI OPERAZIONI STRAORDINARIE;PARCELLE LEGALI, FISCALI, NOTARILI;PARCELLE FISCALI;
245A000000493;UTILIZZO FONDO PER SPESE LEGALI E CONTENZIOSI FISCALI;PARCELLE LEGALI, FISCALI, NOTARILI;PARCELLE FISCALI;
245B000000490;PARCELLE LEGALI CAUSE PASSIVE;PARCELLE LEGALI, FISCALI, NOTARILI;PARCELLE LEGALI CAUSE PASSIVE;
245B000000491;PARCELLE LEGALI ASSISTENZA PENALE;PARCELLE LEGALI, FISCALI, NOTARILI;PARCELLE LEGALI CAUSE PASSIVE;
245B000000502;UTILIZZO FONDO ONERI PER MANLEVA MANCATO RISPETTO DEL PATTO DI NON CONCORRENZA - PARCELLE;PARCELLE LEGALI, FISCALI, NOTARILI;PARCELLE LEGALI CAUSE PASSIVE;
245B000000591;RECUPERO SPESE LEGALI A SEGUITO SENTENZE O TRANSAZIONI;PARCELLE LEGALI, FISCALI, NOTARILI;PARCELLE LEGALI CAUSE PASSIVE;
245B000000611;PARCELLE LEGALI CAUSE PASSIVE - SOPRAVV. ATT. ESERCIZI PRECEDENTI;PARCELLE LEGALI, FISCALI, NOTARILI;PARCELLE LEGALI CAUSE PASSIVE;
245B000000636;SPESE PER CONCILIAZIONE;PARCELLE LEGALI, FISCALI, NOTARILI;PARCELLE LEGALI CAUSE PASSIVE;
245B000000640;PARCELLE - LEGALI CAUSE PASSIVE - DIFFERENZE STIMA BILANCIO ANNO PREC;PARCELLE LEGALI, FISCALI, NOTARILI;PARCELLE LEGALI CAUSE PASSIVE;
245B000001640;DIFFERENZE ANNI PRECEDENTI SPESE PER CONCILIAZIONE;PARCELLE LEGALI, FISCALI, NOTARILI;PARCELLE LEGALI CAUSE PASSIVE;
245B000002930;PARCELLE LEGALI CAUSE PASSIVE - SOPRAVV. PASS. ESERCIZI PRECEDENTI;PARCELLE LEGALI, FISCALI, NOTARILI;PARCELLE LEGALI CAUSE PASSIVE;
245C000000490;PARCELLE NOTARILI NO CAUSE NO OPERAZ SOCIETARIE;PARCELLE LEGALI, FISCALI, NOTARILI;PARCELLE NOTARILI;
245C000000640;PARCELLE NOTARILI - DIFFERENZE DI STIMA;PARCELLE LEGALI, FISCALI, NOTARILI;PARCELLE NOTARILI;
245C000002930;PARCELLE NOTARILI NO CAUSE NO OPERAZ SOCIETARIE - SOPRAVV. PASS. ESERCIZI PRECEDENTI;PARCELLE LEGALI, FISCALI, NOTARILI;PARCELLE NOTARILI;
245D000000640;PARCELLE CONSULENTI RECUPERO CREDITI;PARCELLE LEGALI, FISCALI, NOTARILI;PARCELLE LEGALI CONTENZIOSO CREDITI;
245E000000490;PARCELLE LEGALI - NOTARILI - FISCALI PER OPERAZIONI SOCIETARIE;PARCELLE LEGALI, FISCALI, NOTARILI;PARCELLE PER OPERAZ SOCIETARIE;
245F000000611;PARCELLE CONTENZIOSO - SOPRAVV. ATT. ESERCIZI PRECEDENTI;PARCELLE LEGALI, FISCALI, NOTARILI;PARCELLE LEGALI CONTENZIOSO CREDITI;
245F000000634;PARCELLE SU PRATICHE IN CONTENZ;PARCELLE LEGALI, FISCALI, NOTARILI;PARCELLE LEGALI CONTENZIOSO CREDITI;
245F000000640;PARCELLE LEGALI - CONTENZIOSO - DIFFERENZE STIMA BILANCIO ANNO PREC;PARCELLE LEGALI, FISCALI, NOTARILI;PARCELLE LEGALI CONTENZIOSO CREDITI;
245F000002930;PARCELLE CONTENZIOSO - SOPRAVV. PASS. ESERCIZI PRECEDENTI;PARCELLE LEGALI, FISCALI, NOTARILI;PARCELLE LEGALI CONTENZIOSO CREDITI;
245H000000490;PARCELLE CONSULENZA LEGALE NO CAUSE NO OPERAZ SOCIETARIE;PARCELLE LEGALI, FISCALI, NOTARILI;PARCELLE LEGALI NO CAUSE;
2488000000544;SPESE DI PROTESTO RECLAMATECI;PARCELLE LEGALI, FISCALI, NOTARILI;PARCELLE NOTARILI;
2488000000611;SPESE PROTESTO RECLAMATECI - SOPRAVV. ATT. ESERCIZI PRECEDENTI;PARCELLE LEGALI, FISCALI, NOTARILI;PARCELLE NOTARILI;
2488000000640;SPESE DI PROTESTO RECLAMATECI - DIFFERENZE ANNI PRECEDENTI;PARCELLE LEGALI, FISCALI, NOTARILI;PARCELLE NOTARILI;
2488000002930;SPESE PROTESTO RECLAMATECI - SOPRAVV. PASS. ESERCIZI PRECEDENTI;PARCELLE LEGALI, FISCALI, NOTARILI;PARCELLE NOTARILI;
24A0000000017;SERVIZIO GESTIONE SURROGHE - SPESE PRATICHE ANNULLATE;PARCELLE LEGALI, FISCALI, NOTARILI;PARCELLE NOTARILI;
24A4000000010;SPESE ISTRUTTORIA RECLAMATECI A FRONTE DI ATTIVITA' PRESTAZIONE GARANZIA;PARCELLE LEGALI, FISCALI, NOTARILI;PARCELLE ALTRE;
24D5000000220;RECUPERO SPESE ASSISTENZA LEGALE INCASSA BSE PAGA CENTRICO;PARCELLE LEGALI, FISCALI, NOTARILI;PARCELLE LEGALI CAUSE PASSIVE;
24JM000000039;UTILIZZO FONDO PER SPESE LEGALI CONTENZIOSI FISCALI - PROCESSI DI SUPPORTO - RISCHIO OPERATIVO;PARCELLE LEGALI, FISCALI, NOTARILI;PARCELLE FISCALI;
24JM000000050;UTILIZZO FONDO SPESE CTU - PROCESSI DI SUPPORTO - RISCHIO OPERATIVO;PARCELLE LEGALI, FISCALI, NOTARILI;PARCELLE LEGALI - RISCHIO OPERATIVO;
24JM000000490;PARCELLE LEGALI CAUSE PASSIVE - SPESE LEGALI - PROCESSI DI SUPPORTO - RISCHIO OPERATIVO;PARCELLE LEGALI, FISCALI, NOTARILI;PARCELLE LEGALI - RISCHIO OPERATIVO;
24JM000000500;UTILIZZO FONDO PER CAUSE PASSIVE - SPESE LEGALI - PROCESSI DI SUPPORTO - RISCHIO OPERATIVO;PARCELLE LEGALI, FISCALI, NOTARILI;PARCELLE LEGALI - RISCHIO OPERATIVO;
