MONTH;ECO_COD;VALUE
Gen.20;2455000000490;-405.77665700951013
Gen.20;24A0000000017;-6892.549991911278
Gen.20;245C000000640;-1120.4707081604904
Gen.20;245H000000490;-1863.99
Gen.20;245F000000611;18739.879801026233
Gen.20;245F000000634;-22321.53
Gen.20;24JM000000039;-12832.006964225324
Gen.20;245A000000493;-1462.6474773781401
Gen.20;2488000000640;-3288.312032258889
Gen.20;245B000000491;507.86442405286925
Gen.20;245B000000636;-48.8
Gen.20;245E000000490;-27201.85929781566
Gen.20;2488000000611;-20083.02932755687
Gen.20;245B000000640;1570.2863016869044
Gen.20;245C000000490;-3092.45
Gen.20;2488000000544;-32652.58
Gen.20;245B000000490;-10025.23
Gen.20;24JM000000500;12078.16
Gen.20;245A000000490;-4440.8
Gen.20;245F000000640;-12295.849821428954
Gen.20;24JM000000490;-12078.17
Gen.20;24A4000000010;-442.86
Gen.20;245F000002930;57.59659045507033
Gen.20;245B000000611;6484.34
Gen.20;245A000000492;5998.791011076808
Gen.20;2488000002930;-1596.818083669993
Gen.20;245D000000640;-636.59
Gen.20;24JM000000050;956.6404372831876
Gen.20;245A000000491;-4261.05
Feb.20;2488000000611;-13257.31501271685
Feb.20;245E000000490;-26753.652135817265
Feb.20;245A000000493;-2085.057039154873
Feb.20;2488000000544;-29452.05
Feb.20;245B000000640;-141.56574467851442
Feb.20;245F000000640;-9800.545171191025
Feb.20;2488000000640;-3200.381627220635
Feb.20;245B000000636;-98.8
Feb.20;245C000000490;-1657.58
Feb.20;245B000000611;869.466358867291
Feb.20;245B000000490;-9260.7
Feb.20;2488000002930;-1478.8496682838156
Feb.20;24JM000000490;-19498.36
Feb.20;24JM000000039;37361.38127718691
Feb.20;245A000000490;-4440.8
Feb.20;2455000000490;-482.64883642082384
Feb.20;245B000000491;300.26222911477726
Feb.20;245A000000491;-3986.15
Feb.20;245C000000640;-1113.157970091891
Feb.20;245D000000640;-553.2218132159073
Feb.20;245F000002930;-934.5267372524377
Feb.20;24JM000000500;21762.36
Feb.20;245A000000492;4386.93521075717
Feb.20;245F000000634;-45598.76
Feb.20;245H000000490;-1743.73
Feb.20;24A4000000010;-414.29
Feb.20;24A0000000017;-6667.415383465193
Feb.20;245F000000611;11216.589347163947
Feb.20;24JM000000050;1216.1368554299206
Mar.20;2488000000544;-31719.75
Mar.20;245B000000640;-397.3875608315556
Mar.20;24A4000000010;-442.86
Mar.20;245F000000640;-7216.944415540438
Mar.20;24JM000000050;1483.9233526610801
Mar.20;245C000000490;-3404.18
Mar.20;245E000000490;-25414.670173893534
Mar.20;245A000000493;5490.0
Mar.20;24JM000000039;-5011.298279404749
Mar.20;245A000000492;2721.4184540685565
Mar.20;245A000000491;-6133.218055100836
Mar.20;245C000000640;-1105.5864340405642
Mar.20;24JM000000490;-38346.74
Mar.20;245F000002930;-1940.5947449900286
Mar.20;245H000000490;-1863.99
Mar.20;245D000000640;-306.42
Mar.20;245B000000611;498.4980508448699
Mar.20;245B000000636;-48.8
Mar.20;245B000000490;-10208.79
Mar.20;2488000000640;-3109.339362953893
Mar.20;245F000000611;8834.183126119075
Mar.20;245F000000634;-357704.8
Mar.20;245B000000491;-505.407863355249
Mar.20;2488000002930;-1356.7203907899145
Mar.20;2488000000611;-8018.990151001193
Mar.20;24A0000000017;-6450.44815094182
Mar.20;2455000000490;-561.0452579454206
Mar.20;24JM000000500;38346.73
Mar.20;245A000000490;-4440.8
Apr.20;24JM000000039;27997.713767932284
Apr.20;245F000000634;-123066.83
Apr.20;24A0000000017;-6250.247870829406
Apr.20;245F000000611;9071.840254122995
Apr.20;245H000000490;-1803.86
Apr.20;245A000000490;-4440.8
Apr.20;245B000000491;-1212.0490560629087
Apr.20;245A000000492;1178.6705885815445
Apr.20;24JM000000490;-3108.56
Apr.20;2488000000640;-3025.2054265892084
Apr.20;245A000000491;-6533.99511241224
Apr.20;245B000000611;158.42527965873086
Apr.20;24JM000000050;1732.0333960206715
Apr.20;245F000002930;-2871.8711795184972
Apr.20;2488000002930;-1243.8502528403085
Apr.20;2455000000490;-634.1794178810298
Apr.20;245C000000640;-1098.58942954539
Apr.20;245A000000493;-3344.0697376326943
Apr.20;245B000000640;-472.4645578528798
Apr.20;24A4000000010;-329.67
Apr.20;245C000000490;-2674.4
Apr.20;245F000000640;-4829.391340252872
Apr.20;245B000000636;-166.06361595690157
Apr.20;2488000000544;-35525.23
Apr.20;24JM000000500;3108.56
Apr.20;245E000000490;-24213.139463992393
Apr.20;2488000000611;-4030.477785961535
Apr.20;245D000000640;-74.54
Apr.20;245B000000490;-2028.2
Mag.20;245A000000493;-3977.146080406004
Mag.20;245B000000491;-1969.585218379983
Mag.20;24JM000000500;6939.21
Mag.20;2488000000640;-2935.3799669056666
Mag.20;2488000000544;-55366.19
Mag.20;245B000000640;-529.5873445901995
Mag.20;245B000000611;-210.29541510277352
Mag.20;24JM000000050;418.0
Mag.20;245F000002930;-3866.003008955485
Mag.20;2488000002930;-1123.350089843522
Mag.20;2455000000490;-711.7991711202649
Mag.20;24A4000000010;-340.66
Mag.20;245D000000640;-1416.9104028703803
Mag.20;245A000000491;-6721.603073701822
Mag.20;24JM000000490;-7357.21
Mag.20;245B000000490;-13330.4
Mag.20;2488000000611;-669.0428045589852
Mag.20;245C000000490;-6704.21
Mag.20;245F000000640;-2280.3251330898293
Mag.20;245A000000492;-462.7838367142849
Mag.20;245C000000640;-1091.1190891293359
Mag.20;24A0000000017;-6036.5117946617875
Mag.20;245E000000490;-22928.447468465623
Mag.20;245F000000611;11478.274087759091
Mag.20;245A000000490;-4440.8
Mag.20;245F000000634;-200545.64
Mag.20;245B000000636;-48.8
Mag.20;24JM000000039;-347.66484350956307
Mag.20;245H000000490;-1863.99
Giu.20;245F000002930;-13606.0
Giu.20;245B000000490;-97209.46
Giu.20;24A0000000017;-5863.644782514037
Giu.20;24A4000000010;-329.67
Giu.20;24JM000000050;2271.0537169956506
Giu.20;245B000000640;-573.7607910595908
Giu.20;245C000000490;-6004.9
Giu.20;2488000000544;-29490.3
Giu.20;245B000000611;-498.95359316409736
Giu.20;2488000000640;-2862.730231252536
Giu.20;245B000000636;-244.0
Giu.20;2488000000611;1840.712807074291
Giu.20;245B000000491;-2422.85
Giu.20;245C000000640;-1085.0771689612984
Giu.20;245A000000493;-4528.408804922177
Giu.20;245A000000492;-1799.6437842571186
Giu.20;24JM000000039;21361.21743063109
Giu.20;245H000000490;-1803.86
Giu.20;2488000002930;-1025.8881783452473
Giu.20;245A000000490;-4440.8
Giu.20;245D000000640;-148.71
Giu.20;245F000000634;-202936.3
Giu.20;245F000000611;1239.68
Giu.20;245E000000490;-21889.470153426977
Giu.20;24JM000000500;12823.95
Giu.20;245A000000491;-6807.107607561161
Giu.20;24JM000000490;-12450.92
Giu.20;245F000000640;-218.67165810332335
Giu.20;2455000000490;-774.8175448037408
Lug.20;245A000000492;-3524.909116796124
Lug.20;245H000000490;-1843.73
Lug.20;245A000000490;-6268.49
Lug.20;24A4000000010;-235.87
Lug.20;245B000000640;-630.9039522621974
Lug.20;24JM000000050;2508.8737996129735
Lug.20;2488000002930;-898.8819790961654
Lug.20;2488000000544;-15842.24
Lug.20;245E000000490;-10381.09
Lug.20;245C000000490;-3625.19
Lug.20;24JM000000039;2254.955685117472
Lug.20;245F000000640;2467.9947977152588
Lug.20;245A000000491;-6819.05189161793
Lug.20;245A000000493;-5195.665915919587
Lug.20;24JM000000490;-24142.07
Lug.20;24JM000000500;20525.19
Lug.20;245D000000640;-1972.293180444666
Lug.20;245B000000490;-27832.22
Lug.20;2455000000490;-856.7413022442076
Lug.20;245B000000611;-893.8712453947087
Lug.20;245F000002930;-164.7
Lug.20;2488000000640;-2768.0559242937725
Lug.20;245B000000491;-3381.5449808854246
Lug.20;245F000000611;20570.91357791976
Lug.20;245F000000634;-132934.37
Lug.20;24A0000000017;-5638.371226743961
Lug.20;245C000000640;-1077.2035738343975
Lug.20;245B000000636;-148.79
Lug.20;2488000000611;4467.304675491395
Ago.20;245B000000640;-682.9333130470318
Ago.20;2488000002930;-783.1646177342426
Ago.20;245C000000490;-2058.27
Ago.20;245B000000490;-23179.74
Ago.20;24JM000000039;16280.247406408602
Ago.20;2455000000490;-931.4801780811578
Ago.20;245F000000640;4915.834557796836
Ago.20;245B000000611;-1250.2773821078163
Ago.20;2488000000611;6696.296661879799
Ago.20;245A000000493;-5825.280115199336
Ago.20;2488000000640;-2681.7975301244933
Ago.20;245A000000490;-6268.49
Ago.20;245B000000491;-4106.9679496116805
Ago.20;245B000000636;-812.52
Ago.20;24JM000000500;29294.545115902143
Ago.20;24A4000000010;-235.87
Ago.20;245E000000490;-27682.91
Ago.20;245F000000634;-29412.68
Ago.20;2488000000544;-24003.62
Ago.20;24A0000000017;-5433.122983708374
Ago.20;245F000000611;23901.67383681261
Ago.20;245H000000490;-1843.73
Ago.20;245A000000492;-4270.0
Ago.20;245C000000640;-1070.0298886625444
Ago.20;245F000002930;-936.65
Ago.20;245A000000491;-6803.846588709395
Ago.20;24JM000000050;2712.6
Ago.20;245D000000640;-2306.7108005773266
Ago.20;24JM000000490;-8712.6
Set.20;245F000000640;8221.764819519902
Set.20;245A000000492;-6468.116479061791
Set.20;245B000000490;-45047.77
Set.20;245C000000490;-208.2
Set.20;24JM000000500;18132.57
Set.20;245C000000640;-1060.3414673333623
Set.20;245A000000490;-13293.65
Set.20;24A4000000010;-228.26
Set.20;24JM000000050;3764.291983205038
Set.20;2488000000611;9394.773424387116
Set.20;24JM000000039;3120.306243662487
Set.20;245B000000640;-753.1951341949894
Set.20;2488000000544;-81243.49
Set.20;245E000000490;-17291.50138202531
Set.20;245A000000491;-6753.013239792876
Set.20;245A000000493;-5490.0
Set.20;245B000000636;-97.6
Set.20;24JM000000490;-17298.57
Set.20;2488000000640;-2565.3012460152236
Set.20;245B000000611;-1751.7884277177893
Set.20;245F000002930;-308.57
Set.20;245H000000490;-1784.25
Set.20;2455000000490;-1032.3414341693353
Set.20;245D000000640;-463.6
Set.20;245B000000491;-5089.923071062161
Set.20;245F000000634;-183462.7
Set.20;24A0000000017;-5155.924945607681
Set.20;2488000002930;-626.8834471526129
Set.20;245F000000611;29640.9993207339
Ott.20;245A000000493;-6941.2487392788225
Ott.20;245D000000640;-2720.3705631584035
Ott.20;2488000000544;-43648.74
Ott.20;245A000000491;-6750.742744354527
Ott.20;2455000000490;-1050.7928780833834
Ott.20;2488000002930;-598.323251282959
Ott.20;245E000000490;-17346.38331805276
Ott.20;245B000000640;-766.0352540060719
Ott.20;245B000000636;-536.8
Ott.20;2488000000640;-2544.0118633223874
Ott.20;24A0000000017;-5105.267749458034
Ott.20;24A4000000010;-233.5024192376687
Ott.20;24JM000000050;3876.9122998959865
Ott.20;245A000000490;-6340.49
Ott.20;245B000000491;-5269.296401032627
Ott.20;245F000002930;-8601.387008468892
Ott.20;24JM000000500;2140.4
Ott.20;245F000000611;30651.645948092555
Ott.20;245F000000634;-192995.77
Ott.20;2488000000611;10038.414493659393
Ott.20;245B000000611;-1802.4949159782861
Ott.20;245B000000490;-9653.85
Ott.20;245C000000640;-1058.570934385093
Ott.20;245F000000640;8825.914686188298
Ott.20;24JM000000490;-2140.4
Ott.20;245C000000490;-1146.1
Ott.20;245H000000490;-3446.97
Ott.20;245A000000492;-6496.26
Ott.20;24JM000000039;14743.46
Nov.20;24JM000000039;6344.0
Nov.20;24A4000000010;-227.91042077276578
Nov.20;24JM000000050;3958.1442064234143
Nov.20;245A000000490;-26914.44
Nov.20;24JM000000500;5180.51
Nov.20;245C000000640;-1056.1702620298684
Nov.20;245C000000490;-1804.94
Nov.20;245B000000490;-31181.97
Nov.20;2488000000611;10769.522677914756
Nov.20;245F000000634;-185807.08
Nov.20;24A0000000017;-5036.581464625807
Nov.20;245F000000611;32104.866061718818
Nov.20;245F000002930;-1231.45
Nov.20;245H000000490;-4459.45
Nov.20;245B000000491;-5512.682059689892
Nov.20;2488000000640;-2515.1455083977557
Nov.20;245B000000611;-1890.6405955551008
Nov.20;2455000000490;-1075.7818963358445
Nov.20;245D000000640;-110.29
Nov.20;2488000002930;-559.5987265631582
Nov.20;24JM000000490;-5180.51
Nov.20;245B000000636;-48.8
Nov.20;245A000000492;-6344.0
Nov.20;245B000000640;-783.4451264156955
Nov.20;2488000000544;-43253.97
Nov.20;245E000000490;-183.0
Nov.20;245A000000491;-6738.922905882598
Nov.20;245A000000493;-7298.282354090336
Nov.20;245F000000640;9645.0837866406
Dic.20;245F000002930;-11250.89
Dic.20;2488000000544;-20536.46
Dic.20;245E000000490;-244.0
Dic.20;245B000000636;-244.0
Dic.20;24JM000000050;4000.3215063680723
Dic.20;245B000000611;-1927.776916070741
Dic.20;2488000000611;11228.86369847797
Dic.20;2488000002930;-535.6580247400551
Dic.20;245A000000491;-8247.2
Dic.20;245C000000490;-7242.64
Dic.20;245C000000640;-1054.6861004164175
Dic.20;245B000000490;-61076.98
Dic.20;24JM000000490;-14402.15
Dic.20;2488000000640;-2497.299534620391
Dic.20;245A000000493;-7577.922623919574
Dic.20;24JM000000039;9733.89584098949
Dic.20;24JM000000500;14402.15
Dic.20;24A4000000010;-226.190293683583
Dic.20;2455000000490;-1091.2421015030827
Dic.20;245F000000611;62123.6
Dic.20;245B000000640;476.77
Dic.20;245H000000490;-16310.67
Dic.20;245A000000492;-8015.4795566813045
Dic.20;245F000000640;10151.516632872615
Dic.20;24A0000000017;-4994.117716044424
Dic.20;245B000000491;-1776.32
Dic.20;245A000000490;-13403.18
Dic.20;245F000000634;-770862.57
Dic.20;245D000000640;-2863.9646171477575
Gen.21;245E000000490;-17166.508127623994
Gen.21;2488000000640;-2493.3689175545637
Gen.21;245H000000490;-3505.57
Gen.21;245F000002930;-8514.65970985045
Gen.21;24JM000000490;-83458.6
Gen.21;2488000002930;-530.3850868649635
Gen.21;245C000000640;-1054.3592103828978
Gen.21;245F000000640;10263.059640441186
Gen.21;245C000000490;-393.4
Gen.21;245B000000491;-5934.027465875723
Gen.21;2488000000611;11372.046506235425
Gen.21;24A0000000017;-4984.76497704933
Gen.21;245B000000636;-1065.51
Gen.21;245F000000611;63586.130606049795
Gen.21;245F000000634;-26560.16
Gen.21;24JM000000039;6299.638311373346
Gen.21;245A000000490;-6014.11
Gen.21;24JM000000050;4002.606273124001
Gen.21;245A000000492;-8340.152483511416
Gen.21;2455000000490;-1094.642534330729
Gen.21;24A4000000010;-565.19
Gen.21;245A000000491;-8498.250507253553
Gen.21;245B000000640;-665.6762817787287
Gen.21;245B000000490;-2431.6
Gen.21;2488000000544;-16918.42
Gen.21;245A000000493;-7780.250069822292
Gen.21;24JM000000500;76125.64
Gen.21;245D000000640;-33.04
Gen.21;245B000000611;-1900.1406037646907
Feb.21;245A000000490;-5861.86
Feb.21;245F000000634;-30788.68
Feb.21;24A4000000010;-510.5
Feb.21;24JM000000500;13000.0
Feb.21;2488000000544;-33191.74
Feb.21;245B000000491;-5360.008186680886
Feb.21;2488000002930;-581.4255524934998
Feb.21;245F000000640;9183.364678692704
Feb.21;245A000000491;-7695.116113633668
Feb.21;245B000000640;-758.0791394106028
Feb.21;245A000000493;-7732.067225636406
Feb.21;245H000000490;-10049.55
Feb.21;245F000002930;-1649.84
Feb.21;24A0000000017;-5075.296023256139
Feb.21;2455000000490;-1061.696144477789
Feb.21;245C000000640;-1057.5233847220563
Feb.21;24JM000000039;9607.223004730895
Feb.21;245B000000490;-2873.74
Feb.21;245D000000640;-278.41
Feb.21;245A000000492;-8086.259826433617
Feb.21;245C000000490;-1727.76
Feb.21;245E000000490;-17124.699339938856
Feb.21;245B000000611;-1674.4961350085207
Feb.21;2488000000611;10633.34902872049
Feb.21;24JM000000490;-13998.01
Feb.21;245B000000636;-146.93901404959828
Feb.21;245F000000611;50118.97642319766
Feb.21;24JM000000050;3880.595493071724
Feb.21;2488000000640;-2531.4158335857223
Mar.21;2455000000490;-1025.4163134511446
Mar.21;245A000000492;-7646.401906072611
Mar.21;245D000000640;-15677.0
Mar.21;245B000000491;-4164.17
Mar.21;245F000000611;54.67
Mar.21;245A000000491;-3330.6
Mar.21;245F000000640;7994.548757684416
Mar.21;245B000000611;-888.16
Mar.21;245A000000493;-7667.141787166096
Mar.21;2488000000640;-2573.308017142639
Mar.21;24JM000000490;-83062.31
Mar.21;245E000000490;-17751.622707047656
Mar.21;24JM000000500;83062.31
Mar.21;245F000002930;-8208.238393014768
Mar.21;2488000000611;9801.951397264798
Mar.21;24JM000000050;3750.176056235823
Mar.21;24JM000000039;7416.054482007858
Mar.21;24A4000000010;-565.19
Mar.21;245B000000636;-244.0
Mar.21;245C000000490;-1179.57
Mar.21;245C000000640;-1061.0073509944752
Mar.21;245B000000490;-75225.49
Mar.21;245F000000634;-216787.98
Mar.21;245H000000490;-5535.65
Mar.21;245A000000490;-11460.19
Mar.21;24A0000000017;-5174.976722795344
Mar.21;2488000000544;-24146.93
Mar.21;2488000002930;-637.6245425347521
Mar.21;245B000000640;-746.5091467912937
Apr.21;245A000000490;-4440.8
Apr.21;245B000000640;-743.0081802034073
Apr.21;245D000000640;-2973.5899928304652
Apr.21;2488000000544;-23741.32
Apr.21;2455000000490;-1018.0465230092284
Apr.21;24JM000000039;9664.270103982628
Apr.21;245B000000611;-1352.882334475666
Apr.21;245A000000491;-5626.566271434709
Apr.21;24JM000000050;3711.035092851532
Apr.21;24A4000000010;-546.96
Apr.21;245F000002930;-2642.4
Apr.21;245B000000490;-2168.03
Apr.21;245H000000490;-23482.92
Apr.21;2488000002930;-649.0423122271922
Apr.21;245C000000640;-1061.7151781346258
Apr.21;245F000000640;7753.020537335654
Apr.21;24A0000000017;-5195.228556184661
Apr.21;245F000000634;-50016.19
Apr.21;245B000000491;-5005.675606317068
Apr.21;24JM000000490;-8372.0
Apr.21;245F000000611;21414.235199926792
Apr.21;245B000000636;-48.8
Apr.21;2488000000611;9646.22257624076
Apr.21;245A000000492;-4270.0
Apr.21;245E000000490;-17872.03766854109
Apr.21;245A000000493;-7780.865441772847
Apr.21;24JM000000500;10229.0
Apr.21;2488000000640;-2581.819128377123
Apr.21;245C000000490;-2436.37
Mag.21;245B000000640;-732.4841168222428
Mag.21;245F000000611;1674.82
Mag.21;245F000002930;-1674.82
Mag.21;245C000000640;-1063.1935898188697
Mag.21;245H000000490;-3484.86
Mag.21;245C000000490;-4650.8
Mag.21;2488000000544;-30846.77
Mag.21;245F000000634;-142457.72
Mag.21;2488000000611;9294.157975377422
Mag.21;245E000000490;-18126.327971932387
Mag.21;245F000000640;7248.549709948937
Mag.21;245D000000640;-2598.4649581926733
Mag.21;2488000000640;-2599.595963399707
Mag.21;245B000000636;-315.33
Mag.21;245B000000611;-1259.274219134128
Mag.21;24JM000000039;8078.990944964878
Mag.21;24JM000000490;-144145.92
Mag.21;245A000000490;-6887.21
Mag.21;24JM000000500;141081.55
Mag.21;245A000000491;-6174.660107738839
Mag.21;245A000000493;-7819.710198815808
Mag.21;245B000000491;-4797.034264768518
Mag.21;24A4000000010;-565.19
Mag.21;245B000000490;-289573.94
Mag.21;24A0000000017;-5237.527791989278
Mag.21;2488000002930;-672.8902012711033
Mag.21;2455000000490;-1002.6513346963318
Mag.21;24JM000000050;3000.0
Mag.21;245A000000492;-5221.354025938914
Giu.21;24JM000000039;4758.0
Giu.21;245C000000640;-1059.69269747496
Giu.21;245F000002930;-7676.62
Giu.21;245A000000493;-8285.793191466906
Giu.21;245A000000491;-4758.0
Giu.21;24JM000000050;3786.8258913899645
Giu.21;245A000000492;-5624.246220146137
Giu.21;24JM000000490;-33081.52
Giu.21;245D000000640;-222.53
Giu.21;245B000000491;-7330.11
Giu.21;245C000000490;-7844.36
Giu.21;2488000002930;-616.4181933519209
Giu.21;24A0000000017;-5137.362816049346
Giu.21;245F000000640;8443.141227417374
Giu.21;245B000000636;-146.4
Giu.21;2488000000611;10166.417931545715
Giu.21;245F000000611;5820.08
Giu.21;2455000000490;-1039.1064087780721
Giu.21;245B000000490;-49329.67
Giu.21;245F000000634;-399907.33
Giu.21;2488000000640;-2557.5002560316093
Giu.21;245B000000640;-757.8968485209252
Giu.21;245E000000490;-17524.304716893454
Giu.21;24A4000000010;-743.68
Giu.21;24JM000000500;34301.52
Giu.21;245A000000490;-5344.03
Giu.21;245B000000611;-1359.8082169776783
Giu.21;2488000000544;-21306.74
Giu.21;245H000000490;-31095.72
Lug.21;24A4000000010;-203.28
Lug.21;24JM000000039;11760.6615985011
Lug.21;245A000000493;-8517.879526007211
Lug.21;245B000000490;-43633.86
Lug.21;245C000000490;-5090.28
Lug.21;245B000000491;-5089.1102923016915
Lug.21;2488000000544;-20219.55
Lug.21;24A0000000017;-5123.0480307485395
Lug.21;245B000000636;-341.6
Lug.21;245H000000490;-3464.6
Lug.21;245B000000640;-761.5281092066749
Lug.21;24JM000000050;3781.78322142432
Lug.21;24JM000000490;-57147.1
Lug.21;245B000000611;-1338.6839562526532
Lug.21;245A000000490;-5557.35
Lug.21;2488000000640;-2551.484270829144
Lug.21;245F000000640;8613.86278886397
Lug.21;245D000000640;-2684.7583825864763
Lug.21;245F000000634;-95389.13
Lug.21;245E000000490;-17438.268831497026
Lug.21;245A000000491;-6459.212389029105
Lug.21;24JM000000500;57947.11
Lug.21;2455000000490;-1044.3160471468636
Lug.21;245F000000611;25953.398388562935
Lug.21;245C000000640;-1059.1923776596348
Lug.21;2488000002930;-608.3476639699522
Lug.21;2488000000611;405.32
Lug.21;245A000000492;-5757.194879731696
Lug.21;245F000002930;-3749.35
Ago.21;2455000000490;-1039.142733176032
Ago.21;245B000000490;-46197.57066739732
Ago.21;24JM000000500;27911.645770602183
Ago.21;245F000000634;-71275.58
Ago.21;245E000000490;-17523.70377077627
Ago.21;245F000000611;660.54
Ago.21;24A4000000010;-203.28
Ago.21;245A000000492;-6344.0
Ago.21;245A000000490;-5557.35
Ago.21;2488000000544;-3825.35
Ago.21;245F000000640;8444.333921883595
Ago.21;245D000000640;-2730.712710762021
Ago.21;24JM000000490;-28967.076203694687
Ago.21;245A000000493;-8685.226503929462
Ago.21;245A000000491;-6603.835740373316
Ago.21;245F000002930;-2129.81
Ago.21;245C000000640;-1059.68920214215
Ago.21;24JM000000039;5655.063996968398
Ago.21;24JM000000050;3780.1390824365853
Ago.21;245C000000490;-1260.07
Ago.21;245B000000640;-757.9254511276066
Ago.21;2488000000611;7296.987637994343
Ago.21;245H000000490;-3464.6
Ago.21;245B000000611;-1289.5463750693648
Ago.21;24A0000000017;-5137.262810138735
Ago.21;245B000000491;-5164.841044313467
Ago.21;2488000000640;-2557.4582271736313
Ago.21;2488000002930;-616.3618119192032
Ago.21;245B000000636;-302.0005482093314
Set.21;245D000000640;-2975.42
Set.21;245B000000611;-1275.1701719305206
Set.21;2488000000611;8335.18962581916
Set.21;245B000000636;-146.4
Set.21;2455000000490;-1041.8637456021963
Set.21;245A000000490;-11482.64
Set.21;24JM000000039;6344.0
Set.21;24A4000000010;-196.72
Set.21;245B000000491;-5181.78028148155
Set.21;245A000000492;-7590.215253422504
Set.21;245C000000640;-1059.4278859440187
Set.21;245A000000493;-8924.255111975765
Set.21;245A000000491;-6679.412537463154
Set.21;24JM000000050;3782.681344980732
Set.21;245B000000490;-60607.02
Set.21;2488000000640;-2554.3160882197694
Set.21;245C000000490;-7848.58
Set.21;245H000000490;-3352.83
Set.21;245E000000490;-17478.76730798894
Set.21;245F000000640;8533.50150631609
Set.21;24JM000000500;3657.66
Set.21;2488000000544;-3148.84
Set.21;245B000000640;-759.8205791963204
Set.21;245F000000611;22644.719934249402
Set.21;245F000002930;-8399.227312965539
Set.21;24A0000000017;-5129.78622185002
Set.21;2488000002930;-612.1465876663787
Set.21;245F000000634;-241521.09
Set.21;24JM000000490;-2934.44
Ott.21;245B000000640;-773.5435074809914
Ott.21;24JM000000050;3820.9903271277344
Ott.21;24JM000000500;2359.97
Ott.21;24A0000000017;-5075.645841729841
Ott.21;245A000000490;-9207.74
Ott.21;245E000000490;-17080.0
Ott.21;2488000000544;-61318.57
Ott.21;245F000000634;-255905.77
Ott.21;245A000000491;-6707.74424045872
Ott.21;245A000000492;-7807.83752978062
Ott.21;24A4000000010;-221.74702193347173
Ott.21;245C000000640;-1057.535611319276
Ott.21;245B000000490;-25261.3
Ott.21;245H000000490;-1843.73
Ott.21;245F000000640;9179.192659707564
Ott.21;245F000002930;-688.3
Ott.21;245B000000611;-1342.935554110107
Ott.21;245F000000611;688.29
Ott.21;2488000002930;-581.6227863406667
Ott.21;245C000000490;-3734.33
Ott.21;245B000000636;-435.54
Ott.21;245D000000640;-2820.4519544623436
Ott.21;2488000000640;-2531.5628496056706
Ott.21;2455000000490;-1061.5680321429325
Ott.21;245A000000493;-9299.61356592086
Ott.21;24JM000000039;10000.0
Ott.21;24JM000000490;-2359.97
Ott.21;2488000000611;9365.368741377733
Ott.21;245B000000491;-5374.306899202137
Nov.21;245H000000490;-17034.25
Nov.21;245A000000492;-7696.030427985741
Nov.21;245E000000490;-17485.909528451593
Nov.21;245F000000640;8492.382209304513
Nov.21;245A000000491;-7228.4
Nov.21;245B000000611;-1194.8927198542713
Nov.21;245A000000490;-8871.02
Nov.21;24JM000000490;-51627.13
Nov.21;245B000000491;-5170.204014751968
Nov.21;245A000000493;-9388.675936612924
Nov.21;24JM000000039;7544.280592798484
Nov.21;245D000000640;-2738.5417195285777
Nov.21;2488000000544;-38070.49
Nov.21;245C000000490;-1637.52
Nov.21;245B000000636;-195.2
Nov.21;245C000000640;-1059.54839092835
Nov.21;2455000000490;-1040.6089449173276
Nov.21;245B000000490;-63161.44
Nov.21;2488000002930;-614.0904227151212
Nov.21;245F000000611;22515.109838160217
Nov.21;24JM000000500;44277.18
Nov.21;24JM000000050;4000.0
Nov.21;24A4000000010;-235.5131045333865
Nov.21;245F000002930;-8479.793546295132
Nov.21;24A0000000017;-5133.234022487815
Nov.21;245B000000640;-758.9466734400195
Nov.21;2488000000611;9361.518324776893
Nov.21;2488000000640;-2555.765073809295
Nov.21;245F000000634;-149982.02
Dic.21;245A000000492;-6597.76
Dic.21;24JM000000050;4423.137797776355
Dic.21;245D000000640;-6747.56
Dic.21;245A000000493;-9547.472592206575
Dic.21;245B000000490;-73403.77
Dic.21;24JM000000500;10749.57
Dic.21;245C000000490;-4232.09
Dic.21;2488000002930;-634.0858396189019
Dic.21;245B000000491;-1094.34
Dic.21;24JM000000490;-20262.36
Dic.21;2455000000490;-1027.7011800582284
Dic.21;245F000000634;-556891.28
Dic.21;24JM000000039;3826.16
Dic.21;245C000000640;-1060.7879751036373
Dic.21;245H000000490;-1843.73
Dic.21;245A000000490;-8775.87
Dic.21;245F000000611;2038.28
Dic.21;2488000000544;-20000.0
Dic.21;245B000000640;-749.9571124235355
Dic.21;24A0000000017;-5168.700099960651
Dic.21;245F000000640;8069.405266422451
Dic.21;245A000000491;-7924.169725064042
Dic.21;245B000000636;-411.75
Dic.21;245F000002930;-5029.56
Dic.21;24A4000000010;-247.1032125035188
Dic.21;2488000000640;-2570.6701801579065
Dic.21;245E000000490;-115290.0
Dic.21;2488000000611;9367.88209992905
Dic.21;245B000000611;-1099.4070856323904
Gen.22;245C000000490;-1206.09
Gen.22;245F000002930;-8159.735735210746
Gen.22;2488000002930;-617.6792446144724
Gen.22;24JM000000490;-63778.09
Gen.22;2488000000611;9798.10290380498
Gen.22;245F000000611;23383.87553583335
Gen.22;245B000000636;-285.6237918461208
Gen.22;245D000000640;-2826.2944366823644
Gen.22;245F000000640;8416.465365920018
Gen.22;245H000000490;-3303.03
Gen.22;24JM000000039;12636.320462556305
Gen.22;245E000000490;-15372.0
Gen.22;245B000000640;-757.3332070865682
Gen.22;245A000000492;-7836.41230213225
Gen.22;2488000000544;-22828.58
Gen.22;24A0000000017;-5139.599553030974
Gen.22;2488000000640;-2558.4402754800685
Gen.22;24A4000000010;-688.89
Gen.22;245B000000611;-1124.7488969432113
Gen.22;245A000000491;-7385.8808486519
Gen.22;24JM000000500;66462.49
Gen.22;245A000000490;-4440.8
Gen.22;24JM000000050;4407.223298993302
Gen.22;245B000000490;-11903.6
Gen.22;245F000000634;-19922.76
Gen.22;245C000000640;-1059.770874255824
Gen.22;245B000000491;-5395.772957343343
Gen.22;2455000000490;-1038.2922339544873
Gen.22;245A000000493;-9891.029132853637
Feb.22;245A000000491;-7143.217137080672
Feb.22;2488000000640;-2635.594482144119
Feb.22;24JM000000050;4272.4954307050575
Feb.22;245A000000492;-7359.04
Feb.22;245F000002930;-672.31
Feb.22;245C000000640;-1066.187409059449
Feb.22;245B000000611;-724.751264410314
Feb.22;245H000000490;-2983.38
Feb.22;245A000000493;-9693.841089395632
Feb.22;245D000000640;-4056.5
Feb.22;245F000000634;-23613.09
Feb.22;24A4000000010;-622.22
Feb.22;24A0000000017;-5323.184762482183
Feb.22;245E000000490;-18736.631568917794
Feb.22;2488000000544;-21225.47
Feb.22;24JM000000500;65010.11
Feb.22;245A000000490;-4440.8
Feb.22;245B000000490;-40151.09
Feb.22;2455000000490;-971.4769075180673
Feb.22;245B000000491;-4482.019066602969
Feb.22;2488000000611;8344.960136197964
Feb.22;245B000000640;-710.7999963809152
Feb.22;2488000002930;-721.182735765444
Feb.22;245B000000636;-97.6
Feb.22;24JM000000490;-65010.12
Feb.22;245F000000611;22413.119831707656
Feb.22;245C000000490;-6187.83
Feb.22;24JM000000039;7359.04
Feb.22;245F000000640;6226.984143715179
Mar.22;2488000000640;-2677.413240644433
Mar.22;24A4000000010;-688.89
Mar.22;245B000000636;-246.4
Mar.22;245F000000611;18851.84
Mar.22;245C000000640;-1069.6652689320808
Mar.22;24JM000000500;100080.94
Mar.22;245A000000491;-7016.607408603888
Mar.22;245B000000490;-56840.22
Mar.22;2488000002930;-777.2832090208783
Mar.22;2488000000611;7570.363739385808
Mar.22;24JM000000050;4178.880415422919
Mar.22;24A0000000017;-5422.690750168617
Mar.22;2455000000490;-935.2619727370586
Mar.22;245B000000640;-219.6
Mar.22;245H000000490;-3303.03
Mar.22;245B000000491;-802.52
Mar.22;24JM000000039;11722.208400310368
Mar.22;24JM000000490;-100080.94
Mar.22;245A000000493;-9728.977529483733
Mar.22;245C000000490;-12033.62
Mar.22;245F000000640;5040.251878149434
Mar.22;245F000002930;-5822.66
Mar.22;245B000000611;-495.35067169014917
Mar.22;245A000000492;-8477.237324207057
Mar.22;2488000000544;-24472.67
Mar.22;245E000000490;-19233.790206391073
Mar.22;245D000000640;-2363.4339657012565
Mar.22;245F000000634;-191656.94
Mar.22;245A000000490;-4440.8
Apr.22;245F000000640;3665.5062059528364
Apr.22;245D000000640;-488.0
Apr.22;245F000000611;8402.84
Apr.22;2455000000490;-893.309530597705
Apr.22;2488000002930;-842.2716524553304
Apr.22;24JM000000500;6268.8
Apr.22;24JM000000490;-1268.8
Apr.22;24JM000000050;4044.282001261868
Apr.22;245A000000491;-6344.0
Apr.22;245A000000490;-6339.07
Apr.22;245E000000490;-19932.306908753137
Apr.22;245F000000634;-134339.33
Apr.22;245B000000611;-234.2715223954549
Apr.22;245F000002930;-855.11
Apr.22;245C000000640;-1073.6941244263971
Apr.22;2488000000611;6628.131450507776
Apr.22;2488000000544;-20566.53
Apr.22;245B000000640;-592.5009765644373
Apr.22;24A0000000017;-5537.961422331862
Apr.22;245A000000493;-9740.296206599332
Apr.22;24JM000000039;8063.291526491261
Apr.22;245B000000491;-3905.1691835836127
Apr.22;24A4000000010;-250.91
Apr.22;245B000000490;-38664.92
Apr.22;245C000000490;-5479.39
Apr.22;245H000000490;-7977.37
Apr.22;245B000000636;-48.8
Apr.22;245A000000492;-8233.98314420453
Apr.22;2488000000640;-2725.8573243970004
Mag.22;245E000000490;-19605.14693802998
Mag.22;245F000000634;-93470.06
Mag.22;245F000000640;4314.092633218262
Mag.22;245A000000492;-8553.082227576104
Mag.22;245A000000490;-6339.2
Mag.22;245A000000493;-10207.605373652317
Mag.22;245B000000611;-313.56507406341575
Mag.22;24JM000000490;-6965.18
Mag.22;245B000000491;-3916.424171730498
Mag.22;24JM000000039;11415.469999661978
Mag.22;245H000000490;-8243.29
Mag.22;245C000000490;-26323.49
Mag.22;245D000000640;-3416.0
Mag.22;2488000000544;-25712.18
Mag.22;245B000000640;-662.342277724888
Mag.22;2488000000640;-2703.0020604462356
Mag.22;245B000000490;-8898.23
Mag.22;2488000002930;-811.610983222397
Mag.22;24A4000000010;-259.27
Mag.22;245F000002930;-9344.64
Mag.22;24A0000000017;-5483.578277188088
Mag.22;2488000000611;7131.136998900599
Mag.22;245F000000611;24246.922544874644
Mag.22;245B000000636;-307.84042053672067
Mag.22;2455000000490;-913.102125433366
Mag.22;24JM000000500;6965.18
Mag.22;24JM000000050;4077.7745259842695
Mag.22;245A000000491;-6344.0
Mag.22;245C000000640;-1071.7933648576457
Giu.22;245B000000490;-132511.41
Giu.22;2488000002930;-777.6481735757259
Giu.22;245B000000491;-2778.67
Giu.22;245F000000611;24094.980180366023
Giu.22;245C000000490;-1733.78
Giu.22;2488000000611;16382.24
Giu.22;245B000000636;-97.6
Giu.22;245A000000490;-5668.59
Giu.22;24JM000000490;-59988.13
Giu.22;24JM000000500;59051.07
Giu.22;245A000000493;-10707.980461721962
Giu.22;2488000000544;-24758.55
Giu.22;24A0000000017;-5423.338091603187
Giu.22;245E000000490;-19243.09973335141
Giu.22;245F000000634;-150820.13
Giu.22;245B000000640;-684.4598830617556
Giu.22;24A4000000010;-250.91
Giu.22;2455000000490;-935.0263764191914
Giu.22;245F000000640;5032.531529001574
Giu.22;245F000002930;-1276.11
Giu.22;245A000000491;-7428.709557750995
Giu.22;2488000000640;-2677.68529477654
Giu.22;245B000000611;-404.92963783304754
Giu.22;245C000000640;-1069.6878943323359
Giu.22;245H000000490;-21554.72
Giu.22;245D000000640;-2903.6
Giu.22;245A000000492;-8858.675468724017
Giu.22;24JM000000039;8318.0373090138
Giu.22;24JM000000050;4107.843677719121
Lug.22;2455000000490;-996.5815890972731
Lug.22;24JM000000050;4261.376886922966
Lug.22;245B000000640;-728.1647844855042
Lug.22;245B000000636;-176.9
Lug.22;24JM000000490;-6445.5
Lug.22;24A0000000017;-5254.205854249827
Lug.22;2488000002930;-682.2931223887081
Lug.22;245C000000640;-1063.7765091470212
Lug.22;245A000000490;-5417.78
Lug.22;245F000002930;-16871.41
Lug.22;245A000000493;-11507.973372373997
Lug.22;24A4000000010;-259.27
Lug.22;245B000000611;-714.9198370866413
Lug.22;2488000000611;13932.060994021755
Lug.22;2488000000544;-31249.0
Lug.22;245H000000490;-5932.75
Lug.22;245B000000490;-12433.94
Lug.22;245F000000611;27016.773079943818
Lug.22;245F000000634;-76686.22
Lug.22;245F000000640;7049.6431408882145
Lug.22;245D000000640;-2299.46
Lug.22;24JM000000039;9887.223648606885
Lug.22;245E000000490;-18226.56534234919
Lug.22;245A000000491;-634.4
Lug.22;245A000000492;-6344.0
Lug.22;24JM000000500;6445.51
Lug.22;2488000000640;-2606.605148215047
Lug.22;245C000000490;-11413.77
Lug.22;245B000000491;-4852.511167355717
Ago.22;245B000000490;-33915.14
Ago.22;2455000000490;-987.8943352858773
Ago.22;245E000000490;-18370.028234044596
Ago.22;245B000000611;-639.3634322996216
Ago.22;245A000000492;-7701.024992393258
Ago.22;245B000000640;-722.2194174162985
Ago.22;24A4000000010;-259.27
Ago.22;2488000002930;-695.750529498869
Ago.22;2488000000544;-30746.62
Ago.22;245C000000640;-1064.6107797604134
Ago.22;245A000000491;-1480.26
Ago.22;245F000000611;26207.693791491973
Ago.22;245F000000640;6764.969263450896
Ago.22;245D000000640;-2522.122593350298
Ago.22;245H000000490;-9237.13
Ago.22;24JM000000500;741.0
Ago.22;245F000002930;-6674.5509306200065
Ago.22;245C000000490;-4400.82
Ago.22;2488000000611;12329.855085679093
Ago.22;24JM000000039;6344.0
Ago.22;245B000000491;-4649.84624672888
Ago.22;24JM000000490;-741.0
Ago.22;24A0000000017;-5278.075395986289
Ago.22;245B000000636;-97.6
Ago.22;24JM000000050;4189.168039347157
Ago.22;245A000000490;-5417.78
Ago.22;2488000000640;-2616.6366510883795
Ago.22;245A000000493;-11827.973966959784
Ago.22;245F000000634;-51999.58
Set.22;245B000000640;-727.0176907442543
Set.22;2488000000640;-2608.701909874721
Set.22;24JM000000050;4180.875464762064
Set.22;24JM000000500;35229.21
Set.22;245A000000491;-1480.26
Set.22;24A0000000017;-5259.195010967317
Set.22;2455000000490;-994.7657993449765
Set.22;245D000000640;-508.7
Set.22;24JM000000490;-35229.21
Set.22;245B000000636;-335.8023732908541
Set.22;245A000000490;-5417.78
Set.22;245F000002930;-7540.297919324836
Set.22;245A000000492;-7931.505200787891
Set.22;245F000000634;-102047.33
Set.22;245A000000493;-12277.046578798294
Set.22;2488000000611;11412.115131769559
Set.22;245C000000490;-2300.34
Set.22;24A4000000010;-250.91
Set.22;245B000000491;-1021.38
Set.22;245C000000640;-1063.9508864719387
Set.22;2488000002930;-685.1059586721478
Set.22;245B000000611;-650.2983720263398
Set.22;2488000000544;-23568.71
Set.22;245H000000490;-11220.63
Set.22;245F000000640;6990.141261732288
Set.22;245B000000490;-92798.6
Set.22;245E000000490;-18256.551645567335
Set.22;245F000000611;6649.28
Set.22;24JM000000039;11500.30948807439
Ott.22;245F000002930;-317.2
Ott.22;2488000000640;-2585.7687391472205
Ott.22;245B000000636;-247.6
Ott.22;2488000000611;11109.608731603315
Ott.22;24A0000000017;-5204.626489905066
Ott.22;245B000000490;-26961.9
Ott.22;245C000000640;-1062.0436477808428
Ott.22;245D000000640;-91.5
Ott.22;245E000000490;-17928.579014859697
Ott.22;24A4000000010;-292.97
Ott.22;245F000000640;7640.938526645074
Ott.22;245H000000490;-22276.87
Ott.22;245C000000490;-38681.94
Ott.22;24JM000000039;4440.8
Ott.22;24JM000000490;-28844.583783827573
Ott.22;245A000000490;-9031.74
Ott.22;245A000000492;-8230.917396954614
Ott.22;245A000000493;-12839.230288996643
Ott.22;2455000000490;-1014.6258628329507
Ott.22;245B000000491;-5148.0263171252645
Ott.22;2488000002930;-1000.0
Ott.22;245F000000611;25995.86759455753
Ott.22;245B000000640;-740.8506647956714
Ott.22;24JM000000500;28176.1482476635
Ott.22;245B000000611;-733.2553508958283
Ott.22;24JM000000050;4213.834915738837
Ott.22;245F000000634;-74864.36
Ott.22;245A000000491;-1480.27
Ott.22;2488000000544;-25025.41
Nov.22;245F000000640;8833.494046496158
Nov.22;245H000000490;-15652.9
Nov.22;24JM000000050;4302.848721984538
Nov.22;245F000002930;-8637.106278608147
Nov.22;24A0000000017;-5104.632229769971
Nov.22;24JM000000490;-33415.04
Nov.22;2488000000611;11449.729076692038
Nov.22;245F000000634;-151986.65
Nov.22;2488000000640;-2543.744777441676
Nov.22;24A4000000010;-283.52
Nov.22;2488000000544;-25211.56
Nov.22;2488000002930;-2548.07
Nov.22;24JM000000039;11963.909668052554
Nov.22;24JM000000500;33415.05
Nov.22;245F000000611;28561.033167645644
Nov.22;245A000000490;-24257.34
Nov.22;245E000000490;-17327.584523543315
Nov.22;245B000000636;-48.8
Nov.22;245B000000491;-5254.097401154748
Nov.22;245A000000491;-4518.3645335367655
Nov.22;245C000000640;-1058.5487221698008
Nov.22;2455000000490;-1051.0184990777225
Nov.22;245B000000490;-106801.58
Nov.22;245A000000493;-13540.661235285244
Nov.22;245B000000611;-907.6016963994376
Nov.22;245C000000490;-2102.96
Nov.22;245D000000640;-2708.1195389729696
Nov.22;245B000000640;-766.1963236327633
Nov.22;245A000000492;-8768.526766785319
Dic.22;24JM000000050;4308.144601220329
Dic.22;245C000000640;-1057.5571480498038
Dic.22;245D000000640;-2818.170821179758
Dic.22;245A000000491;-5552.817651352484
Dic.22;245B000000636;-146.4
Dic.22;245B000000491;-3587.98
Dic.22;2488000000544;-25477.03
Dic.22;2488000002930;-90.94
Dic.22;245F000000640;9171.84379174043
Dic.22;2488000000611;11380.92888818926
Dic.22;245F000000634;-350002.88
Dic.22;245E000000490;-17157.07142822467
Dic.22;245H000000490;-27982.82
Dic.22;24JM000000500;17130.51
Dic.22;24JM000000490;-17374.51
Dic.22;2455000000490;-1061.343753611018
Dic.22;245F000002930;-2047.99
Dic.22;2488000000640;-2531.8218132689044
Dic.22;245B000000611;-939.5586376253348
Dic.22;245A000000493;-14079.481500079979
Dic.22;24JM000000039;5239.105693607846
Dic.22;245A000000492;-9096.48891953959
Dic.22;24A4000000010;-292.97
Dic.22;245C000000490;-184.0
Dic.22;24A0000000017;-5076.262034940951
Dic.22;245B000000640;-773.3873190418916
Dic.22;245F000000611;49787.5
Dic.22;245A000000490;-7401.33
Dic.22;245B000000490;-84665.22
Gen.23;245D000000640;-551.0
Gen.23;2488000000544;-25417.22
Gen.23;245H000000490;-11769.46
Gen.23;245E000000490;-57645.0
Gen.23;24JM000000490;-6972.31
Gen.23;245F000000640;10656.52709177303
Gen.23;2488000000611;12230.163070586497
Gen.23;245A000000493;-14891.155823007894
Gen.23;245A000000490;-4440.8
Gen.23;24JM000000050;4429.340505374457
Gen.23;24A4000000010;-68.89
Gen.23;245B000000490;-10483.37
Gen.23;245B000000636;-202.52
Gen.23;245A000000491;-6081.968219578401
Gen.23;245B000000640;-804.9414087051778
Gen.23;24A0000000017;-4951.77323282612
Gen.23;245F000000634;-31641.34
Gen.23;245A000000492;-9941.087308395976
Gen.23;2455000000490;-1106.6511111802274
Gen.23;24JM000000500;7772.32
Gen.23;245F000002930;-6857.26
Gen.23;245B000000491;-5954.489852794248
Gen.23;2488000002930;-770.5455257024175
Gen.23;245B000000611;-1164.0619364767315
Gen.23;2488000000640;-2479.5036837505218
Gen.23;245C000000640;-1053.2061072779509
Gen.23;24JM000000039;10045.487897885518
Gen.23;245C000000490;-8094.93
Gen.23;245F000000611;55917.73025426195
Feb.23;2455000000490;-1114.980256526138
Feb.23;24JM000000050;4429.019862213236
Feb.23;24JM000000490;-171592.74
Feb.23;245F000000611;47927.08654532602
Feb.23;245F000002930;-9091.717947844523
Feb.23;245D000000640;-533.0
Feb.23;245B000000640;-8754.72
Feb.23;245A000000490;-4440.8
Feb.23;245A000000492;-10177.916504994402
Feb.23;24A0000000017;-4928.887649128823
Feb.23;245B000000490;-14919.56
Feb.23;245B000000611;-1186.4255606089393
Feb.23;24JM000000039;5743.347859027534
Feb.23;245A000000493;-15464.904746903652
Feb.23;2488000000544;-22898.36
Feb.23;2488000000640;-2469.885702762364
Feb.23;2488000000611;12282.873488060033
Feb.23;24JM000000500;171592.74
Feb.23;245B000000636;-391.62
Feb.23;245F000000634;-62122.69
Feb.23;245F000000640;10929.466049732742
Feb.23;2488000002930;-336.7210816135606
Feb.23;245B000000491;-5884.405476121289
Feb.23;245E000000490;-14756.632207035766
Feb.23;245C000000640;-1052.406227240044
Feb.23;245C000000490;-5416.24
Feb.23;245A000000491;-9516.0
Feb.23;245H000000490;-12522.11
Feb.23;24A4000000010;-62.22
Mar.23;245E000000490;-16845.046726303473
Mar.23;245H000000490;-13263.88
Mar.23;245F000000634;-102081.81
Mar.23;245A000000493;-15787.785334716813
Mar.23;2488000000544;-28436.72
Mar.23;2488000000640;-3045.09
Mar.23;245F000000611;40868.445031222625
Mar.23;245B000000611;-995.9730538438321
Mar.23;245C000000490;-11844.4
Mar.23;245B000000640;-1343.5175092944187
Mar.23;24JM000000039;12688.0
Mar.23;245D000000640;-4749.4
Mar.23;245C000000640;-1055.3459985955308
Mar.23;245B000000491;-5244.83
Mar.23;245F000000640;9926.342965793738
Mar.23;24A4000000010;-68.89
Mar.23;2488000002930;-654.2352802176513
Mar.23;245A000000492;-12688.0
Mar.23;245B000000490;-126881.66
Mar.23;2455000000490;-1084.3684376310628
Mar.23;245A000000491;-9255.825557581813
Mar.23;2488000000611;11457.731906172925
Mar.23;245F000002930;-8623.018316101134
Mar.23;245B000000636;-378.2
Mar.23;24JM000000050;4301.345911745453
Mar.23;24JM000000490;-51237.31
Mar.23;245A000000490;-4440.8
Mar.23;24A0000000017;-5012.998240990778
Mar.23;24JM000000500;47446.31
Apr.23;24A4000000010;-65.93
Apr.23;24JM000000039;3736.1416201453685
Apr.23;245A000000491;-8063.911903007742
Apr.23;245C000000490;-10490.97
Apr.23;245C000000640;-1051.4186477685412
Apr.23;24JM000000050;4412.644619423651
Apr.23;245B000000640;-884.7298786199531
Apr.23;245A000000493;-16647.732051967232
Apr.23;245F000002930;-4372.27
Apr.23;245A000000492;-14356.76465269048
Apr.23;245F000000640;11266.452721583855
Apr.23;245H000000490;-13329.28
Apr.23;24A0000000017;-4900.631746266248
Apr.23;2488000002930;-419.15845990124024
Apr.23;245A000000490;-4440.8
Apr.23;245B000000636;-48.8
Apr.23;245B000000491;-6055.189406554588
Apr.23;24JM000000490;-28104.410050406426
Apr.23;2455000000490;-1125.2639147587868
Apr.23;24JM000000500;26658.832270816933
Apr.23;245E000000490;-47275.0
Apr.23;2488000000611;12365.428884524314
Apr.23;245B000000490;-26513.4
Apr.23;245D000000640;-600.0
Apr.23;245B000000611;-1198.0354150708938
Apr.23;2488000000640;-2350.693931234548
Apr.23;2488000000544;-22597.98
Apr.23;245F000000611;40159.00575145226
Apr.23;245F000000634;-96769.29
Mag.23;245E000000490;-7665.56
Mag.23;245H000000490;-13489.29
Mag.23;24A4000000010;-68.13
Mag.23;2488000000611;11512.794035519633
Mag.23;245F000000640;1506.44
Mag.23;245C000000640;-1054.6865644763598
Mag.23;2488000002930;-576.6669802421169
Mag.23;2455000000490;-1091.2351205763314
Mag.23;24JM000000500;52659.7
Mag.23;245B000000491;-5660.2164514134365
Mag.23;245F000002930;-8938.199459137402
Mag.23;245A000000492;-14167.262381676795
Mag.23;245B000000611;-990.0705999036936
Mag.23;2488000000640;237.45
Mag.23;245F000000611;35916.66907388154
Mag.23;245C000000490;-5909.28
Mag.23;245B000000636;-1085.5
Mag.23;245F000000634;-113901.63
Mag.23;245A000000491;-7456.742365342299
Mag.23;2488000000544;-27619.95
Mag.23;245A000000493;-17003.293710900405
Mag.23;24JM000000050;4276.562848334811
Mag.23;245A000000490;-7418.12
Mag.23;24A0000000017;-4994.13099338871
Mag.23;245B000000490;-54901.2
Mag.23;24JM000000490;-52659.7
Mag.23;24JM000000039;10783.154828257468
Mag.23;245B000000640;-802.3276219707899
Mag.23;245D000000640;-3375.5
Giu.23;245A000000491;-7080.368256114497
Giu.23;2455000000490;-1151.9486489648798
Giu.23;2488000000544;-23527.34
Giu.23;245F000000640;97.6
Giu.23;24JM000000500;13331.0
Giu.23;245B000000611;-1302.055653455566
Giu.23;245F000000611;38745.37294195524
Giu.23;2488000000640;-1563.96
Giu.23;245A000000493;-18064.609371483304
Giu.23;245D000000640;-60.39
Giu.23;245F000002930;-200.63
Giu.23;245A000000492;-14614.445367518012
Giu.23;245B000000640;697.84
Giu.23;245B000000491;-14288.88
Giu.23;24A0000000017;-4827.311412168385
Giu.23;245C000000640;-1048.856009542081
Giu.23;245B000000636;-455.47
Giu.23;245F000000634;-156669.93
Giu.23;24A4000000010;-65.93
Giu.23;245H000000490;-17793.3
Giu.23;245A000000490;-8372.09
Giu.23;24JM000000490;-13331.0
Giu.23;245E000000490;-15902.306800666907
Giu.23;245B000000490;-33505.31
Giu.23;24JM000000039;4683.64765212846
Giu.23;245C000000490;-11984.61
Giu.23;2488000002930;-417.3189617948776
Giu.23;24JM000000050;4450.556846346892
Giu.23;2488000000611;12920.806739377238
Lug.23;24A0000000017;-4835.2368300457365
Lug.23;245B000000636;-329.4757664209404
Lug.23;2488000000544;-25201.36
Lug.23;24A4000000010;-202.17
Lug.23;245H000000490;-31538.83
Lug.23;2488000000611;12831.61210304045
Lug.23;245B000000611;-1265.973195744794
Lug.23;245B000000491;-5771.2990050786975
Lug.23;245A000000493;-18705.191011361527
Lug.23;2488000000640;-523.56
Lug.23;245C000000490;-17053.96
Lug.23;2488000002930;-461.1206577272905
Lug.23;245B000000490;-89446.0
Lug.23;245B000000640;-681.2629437038933
Lug.23;245A000000492;-14540.942097317215
Lug.23;24JM000000490;-21102.96
Lug.23;245A000000490;-6255.19
Lug.23;245C000000640;-1049.1330129008772
Lug.23;245D000000640;-3081.2138884116816
Lug.23;245F000000640;8855.813871976281
Lug.23;245F000000634;-136500.91
Lug.23;245E000000490;-15697.277137621386
Lug.23;24JM000000050;4417.914556399961
Lug.23;24JM000000039;9351.456481776753
Lug.23;24JM000000500;21102.96
Lug.23;245A000000491;-6901.983427226689
Lug.23;245F000002930;-10011.405375353312
Lug.23;245F000000611;37809.25776855246
Lug.23;2455000000490;-1149.0642148953314
Ago.23;24JM000000050;4423.279919783034
Ago.23;2488000000544;-26530.65
Ago.23;245B000000640;-821.7591131014906
Ago.23;245F000000640;11458.656945765862
Ago.23;245A000000491;-6799.528964052794
Ago.23;24A4000000010;-202.17
Ago.23;245D000000640;-8679.29
Ago.23;245A000000493;-19461.13082156711
Ago.23;24JM000000039;5473.902534714515
Ago.23;245A000000490;-6255.19
Ago.23;24JM000000490;-27347.677916237928
Ago.23;245B000000490;-9225.55
Ago.23;245B000000636;-365.2648836988241
Ago.23;245F000000634;-60500.3
Ago.23;245E000000490;-15568.088575374211
Ago.23;2488000000611;13019.739164116578
Ago.23;2488000002930;-423.6508940420516
Ago.23;2455000000490;-1157.5930600417519
Ago.23;24JM000000500;26109.01763668939
Ago.23;245B000000491;-6341.091348550936
Ago.23;245B000000611;-1293.0076482500338
Ago.23;245F000000611;37932.21422097979
Ago.23;24A0000000017;-4811.802540962622
Ago.23;245H000000490;-13238.83
Ago.23;2488000000640;-2475.743348049588
Ago.23;245F000002930;-348.75
Ago.23;245A000000492;-14541.135033217932
Ago.23;245C000000490;-10249.1
Ago.23;245C000000640;-1048.3139549171242
Set.23;2488000000544;-29355.06
Set.23;2455000000490;-1139.847743266931
Set.23;24A4000000010;-245.65
Set.23;245B000000490;-193222.17
Set.23;245A000000491;-6760.21586186941
Set.23;245C000000490;-7525.6
Set.23;245B000000636;-350.23147460570465
Set.23;2488000002930;-466.05776070708896
Set.23;245A000000492;-6344.0
Set.23;24JM000000050;4343.876212822395
Set.23;245F000000634;-108287.06
Set.23;2488000000611;12589.878688436402
Set.23;245F000002930;-22251.94
Set.23;245E000000490;-15860.619406592788
Set.23;245B000000491;-17578.38
Set.23;24JM000000500;22739.98
Set.23;245B000000611;-1176.546163788796
Set.23;24JM000000039;15860.0
Set.23;245F000000611;36455.16825310514
Set.23;24A0000000017;-4860.5604766582555
Set.23;245D000000640;-3262.6559080796915
Set.23;245A000000490;-7301.95
Set.23;245C000000640;-1050.0181063151542
Set.23;245F000000640;143.47
Set.23;245A000000493;-20065.65574348947
Set.23;2488000000640;-2435.5240242084437
Set.23;245H000000490;-13086.9
Set.23;24JM000000490;-22739.98
Set.23;245B000000640;-825.8121399165357
Ott.23;245F000000640;11252.588540838115
Ott.23;245B000000490;-4108.36
Ott.23;245A000000490;-7016.16
Ott.23;245F000000634;-66829.67
Ott.23;245D000000640;-378.55
Ott.23;245A000000492;-7538.817422066161
Ott.23;24JM000000490;-5271.75
Ott.23;24A0000000017;-4559.001453374956
Ott.23;245A000000493;-21616.182526598914
Ott.23;245B000000636;-394.48969563529295
Ott.23;245B000000640;-904.2125449234949
Ott.23;245C000000640;-1039.4782378038042
Ott.23;245E000000490;-14048.186211547436
Ott.23;2488000000640;-2314.8941162860897
Ott.23;245F000002930;-9950.696235606341
Ott.23;245B000000491;-6627.60761601259
Ott.23;24A4000000010;-101.09
Ott.23;2455000000490;-1249.5993215065023
Ott.23;24JM000000500;6571.76
Ott.23;245H000000490;-13234.61
Ott.23;245A000000491;-6655.744014029762
Ott.23;245B000000611;-1759.54366556441
Ott.23;2488000002930;-287.04008609978916
Ott.23;245F000000611;43718.01746459053
Ott.23;24JM000000050;4680.324907089367
Ott.23;24JM000000039;-1359.6079175253562
Ott.23;2488000000611;15184.062580537116
Ott.23;2488000000544;-31108.87
Ott.23;245C000000490;-13586.22
Nov.23;245F000000611;42266.25262550627
Nov.23;245A000000490;-7016.16
Nov.23;24JM000000039;12461.905407128805
Nov.23;245A000000492;-7518.670201499222
Nov.23;2488000000544;-24414.77
Nov.23;24JM000000500;7130.45
Nov.23;245B000000491;-7052.344945287468
Nov.23;24JM000000490;-7130.45
Nov.23;2488000000640;-2337.4452186796625
Nov.23;2455000000490;-1229.632577078329
Nov.23;245B000000490;-26966.93
Nov.23;2488000002930;-323.3182328501887
Nov.23;245B000000636;-386.41590722255864
Nov.23;245F000000634;-123518.17
Nov.23;2488000000611;14706.721007443422
Nov.23;245E000000490;-14377.919723507384
Nov.23;245B000000611;-1631.9333012277614
Nov.23;245F000002930;-6683.31
Nov.23;24A0000000017;-4613.863096773962
Nov.23;245C000000490;-5086.73
Nov.23;245B000000640;-890.5569474339442
Nov.23;24A4000000010;-97.83
Nov.23;245A000000491;-6654.825291591221
Nov.23;245H000000490;-4557.9
Nov.23;245D000000640;-3396.6186561537133
Nov.23;245F000000640;13634.987535204418
Nov.23;245C000000640;-1041.3957214905677
Nov.23;245A000000493;-22282.098819466766
Nov.23;24JM000000050;4595.07886635038
Dic.23;2488000000611;13754.31379146257
Dic.23;245F000000634;-250137.5
Dic.23;245B000000640;0.4
Dic.23;245A000000493;-22846.33566763781
Dic.23;245A000000491;-6674.938890283682
Dic.23;245B000000490;-62294.84
Dic.23;2455000000490;-1189.5562684089311
Dic.23;245F000002930;-101626.57
Dic.23;245F000000640;121076.55
Dic.23;24JM000000050;4445.1997574962725
Dic.23;245C000000490;-1506.54
Dic.23;2488000002930;-382.09484296944686
Dic.23;24A0000000017;-4723.978802562252
Dic.23;245B000000636;-190.32
Dic.23;245E000000490;-15039.747078069437
Dic.23;24JM000000490;-17558.66
Dic.23;245A000000492;-7223.229494767695
Dic.23;245C000000640;-1045.2444044031422
Dic.23;245F000000611;39489.94030786295
Dic.23;2488000000544;-45850.12
Dic.23;24JM000000500;17558.66
Dic.23;245B000000611;-1394.574318581081
Dic.23;24A4000000010;-101.09
Dic.23;245H000000490;-16382.79
Dic.23;2488000000640;-2383.774810411441
Dic.23;245D000000640;-5024.83
Dic.23;24JM000000039;2035.1059736871657
Dic.23;245B000000491;-7660.55
Dic.23;245A000000490;-6826.75
Gen.24;2488000000640;-2.98
Gen.24;245A000000493;-24186.213612976677
Gen.24;24JM000000039;10265.468437001711
Gen.24;245C000000640;-1039.229611906794
Gen.24;245C000000490;-9215.76
Gen.24;245F000000640;26067.963370119025
Gen.24;24JM000000050;4629.652067904585
Gen.24;245H000000490;-7484.0
Gen.24;245F000000611;43698.21752495459
Gen.24;245F000002930;-974.94
Gen.24;2488000000611;15236.384322903798
Gen.24;245B000000491;-7245.732340301611
Gen.24;245B000000611;-1720.7470105691586
Gen.24;245A000000491;-6626.7531956204775
Gen.24;245E000000490;-14005.431168190113
Gen.24;2455000000490;-1252.1882612600425
Gen.24;24JM000000500;1875.29
Gen.24;245F000000634;-21337.41
Gen.24;24JM000000490;-4065.44
Gen.24;245A000000492;-7868.069567017359
Gen.24;245A000000490;-4667.77
Gen.24;24A4000000010;-68.13
Gen.24;245B000000490;-5576.84
Gen.24;245D000000640;-8673.02
Gen.24;2488000002930;-287.1143253613013
Gen.24;2488000000544;-29318.39
Gen.24;245B000000640;-795.4026861439633
Gen.24;245B000000636;-1278.56
Gen.24;24A0000000017;-4551.887950717442
Feb.24;2455000000490;-1261.4991102014983
Feb.24;245B000000490;-11167.34
Feb.24;245B000000611;-1755.0784200655473
Feb.24;245B000000640;-899.1826843294048
Feb.24;245C000000490;-5658.83
Feb.24;245A000000491;-6617.936106223831
Feb.24;245F000000634;-65478.67
Feb.24;245A000000490;-10535.75
Feb.24;245H000000490;-17963.1
Feb.24;245A000000492;-8035.827983149147
Feb.24;24A4000000010;-63.74
Feb.24;245B000000491;-7318.834742689222
Feb.24;245F000002930;-337.76
Feb.24;24JM000000039;2695.5876982866075
Feb.24;245E000000490;-13851.670147133296
Feb.24;2488000000640;-2.79
Feb.24;245D000000640;-3727.45642590723
Feb.24;2488000000544;-22681.62
Feb.24;24JM000000500;15762.25
Feb.24;245A000000493;-25192.150745668692
Feb.24;2488000002930;-271.42735848976605
Feb.24;245C000000640;-1069.94
Feb.24;2488000000611;15455.70729657186
Feb.24;24JM000000490;-10562.25
Feb.24;245B000000636;-196.43060714878118
Feb.24;24JM000000050;4641.503920230227
Feb.24;245F000000611;44306.93115812486
Feb.24;24A0000000017;-4526.304988196502
Feb.24;245F000000640;337.76
Mar.24;245D000000640;-1788.14
Mar.24;245C000000640;-1056.856965057304
Mar.24;2488000000544;-27098.52
Mar.24;24A4000000010;-68.13
Mar.24;245F000000611;41002.24173974135
Mar.24;24JM000000500;40239.98
Mar.24;245A000000492;-7739.68
Mar.24;245A000000491;-6650.756316176281
Mar.24;24JM000000039;7739.68
Mar.24;245A000000490;-7209.98
Mar.24;245B000000611;-1472.6163764196783
Mar.24;245F000000634;-69657.53
Mar.24;245A000000493;-25834.1069902134
Mar.24;2488000000611;14304.30495483733
Mar.24;2488000002930;-347.43008798709803
Mar.24;245F000000640;427.0
Mar.24;2488000000640;-11522.83
Mar.24;245E000000490;-14653.584279564458
Mar.24;24A0000000017;-4659.728524557713
Mar.24;24JM000000490;-40239.98
Mar.24;24JM000000050;4465.982730162122
Mar.24;245B000000636;-190.32
Mar.24;245B000000490;-12096.79
Mar.24;245B000000640;-877.3498229060425
Mar.24;245F000002930;-2184.05
Mar.24;245C000000490;-14464.91
Mar.24;245H000000490;-4079.15
Mar.24;245B000000491;-3733.45
Mar.24;2455000000490;-1212.9399806139538
Apr.24;245A000000493;-26321.341019565105
Apr.24;24A0000000017;-4872.430905079138
Apr.24;24A4000000010;-32.97
Apr.24;245B000000491;-6269.07568302379
Apr.24;245B000000490;-8307.39
Apr.24;2488000002930;-466.8689184225508
Apr.24;24JM000000490;-11253.66
Apr.24;24JM000000039;7348.892350790249
Apr.24;245A000000491;-6704.375361413264
Apr.24;2455000000490;-1135.5275334476094
Apr.24;245A000000492;-8639.000215549848
Apr.24;245A000000490;-5182.48
Apr.24;24JM000000500;11253.67
Apr.24;24JM000000050;4197.291100024553
Apr.24;2488000000640;-256.22
Apr.24;245E000000490;-1353.17
Apr.24;2488000000544;-23591.5
Apr.24;245B000000640;-824.8625477660146
Apr.24;245F000000634;-74426.26
Apr.24;245B000000636;-561.2
Apr.24;245C000000490;-4566.59
Apr.24;245C000000640;-1054.9098869982513
Apr.24;245H000000490;-3947.57
Apr.24;245F000002930;-3172.0
Apr.24;245D000000640;-3070.6695935249963
Apr.24;245F000000640;8398.417724645373
Apr.24;245F000000611;35747.38766017007
Apr.24;2488000000611;12469.547921983389
Apr.24;245B000000611;-1032.4208719146352
Mag.24;24JM000000039;7748.2329925018375
Mag.24;245C000000640;-1055.4750348417872
Mag.24;24JM000000490;-14633.42
Mag.24;245B000000611;-820.8655446879068
Mag.24;2488000000611;11621.309705668882
Mag.24;245F000002930;-1408.04
Mag.24;2455000000490;-1099.7435597463766
Mag.24;2488000002930;-522.5982115734403
Mag.24;245B000000636;-283.2211950705484
Mag.24;245A000000490;-5259.31
Mag.24;245B000000490;-81558.58
Mag.24;245E000000490;-48240.89
Mag.24;24A4000000010;-34.07
Mag.24;2488000000544;-31774.25
Mag.24;245B000000640;-800.1078831502133
Mag.24;24A0000000017;-4970.752772806794
Mag.24;245C000000490;-6100.17
Mag.24;245H000000490;-5307.02
Mag.24;24JM000000050;4064.4162967890425
Mag.24;245D000000640;-2970.5570229962814
Mag.24;245F000000640;9621.737940224113
Mag.24;245A000000493;-27158.702695335414
Mag.24;245F000000634;-92391.47
Mag.24;245B000000491;-5734.320039193654
Mag.24;245A000000491;-6729.1128461503295
Mag.24;24JM000000500;14633.42
Mag.24;2488000000640;-198.18
Mag.24;245F000000611;33317.1146029683
Mag.24;245A000000492;-8300.756336714045
Giu.24;245B000000491;-5312.129195960881
Giu.24;245B000000640;-769.0422269082903
Giu.24;245C000000490;-4002.5
Giu.24;2488000000611;10563.490708067695
Giu.24;24A4000000010;-32.97
Giu.24;245A000000490;-7214.57
Giu.24;245D000000640;-2795.6589747071034
Giu.24;2488000002930;-591.5591304034945
Giu.24;245B000000490;-78460.18
Giu.24;245F000000634;-130106.12
Giu.24;245C000000640;-1058.7262256658673
Giu.24;245F000000611;30288.95379283953
Giu.24;24JM000000039;19666.4
Giu.24;24JM000000500;19746.87
Giu.24;245B000000636;-341.6
Giu.24;245F000002930;-9265.23
Giu.24;2488000000544;-30559.33
Giu.24;24JM000000490;-19746.87
Giu.24;24A0000000017;-5093.393720985393
Giu.24;24JM000000050;3903.33887734642
Giu.24;245E000000490;-1353.17
Giu.24;245B000000611;-561.2071496780036
Giu.24;2455000000490;-1055.1087235116652
Giu.24;245A000000493;-27989.248918805657
Giu.24;245H000000490;-15407.7
Giu.24;2488000000640;334.22
Giu.24;245A000000492;-12688.0
Giu.24;245A000000491;-19666.4
Giu.24;245F000000640;8766.541539416901
Lug.24;245B000000490;-10022.02
Lug.24;24JM000000500;18054.09
Lug.24;245A000000493;-29600.709052556445
Lug.24;245C000000640;-1052.9207670540625
Lug.24;24JM000000039;-1736.583323240573
Lug.24;245A000000491;-15241.476818273259
Lug.24;24A0000000017;-4937.708055238146
Lug.24;245B000000491;-5862.971736210235
Lug.24;245D000000640;-132.98
Lug.24;245B000000611;-857.2752822260392
Lug.24;245A000000490;-4667.77
Lug.24;24JM000000050;4071.8514747836957
Lug.24;245C000000490;-14172.45
Lug.24;245H000000490;-14195.79
Lug.24;2488000000544;-30041.89
Lug.24;245B000000640;-808.5061729288532
Lug.24;2488000000640;-2.98
Lug.24;245F000000640;10771.123502340046
Lug.24;24A4000000010;-134.78
Lug.24;245F000000634;-151151.73
Lug.24;2455000000490;-1111.7700939423746
Lug.24;2488000000611;11905.825597022633
Lug.24;245F000000611;34127.26775952721
Lug.24;245A000000492;-14236.959314130063
Lug.24;24JM000000490;-18054.09
Lug.24;245F000002930;-5618.23
Lug.24;245E000000490;-1398.27
Lug.24;245B000000636;-337.56348433417196
Lug.24;2488000002930;-503.8979105121149
Ago.24;245A000000490;-7040.42
Ago.24;2488000000544;-30283.66
Ago.24;2488000000611;11260.039257258735
Ago.24;245F000002930;-8766.866424504316
Ago.24;245B000000640;-789.5277609918143
Ago.24;24A0000000017;-5012.583792066731
Ago.24;2488000000640;-2.98
Ago.24;24JM000000490;-27954.26530939661
Ago.24;24JM000000050;3968.2892125090525
Ago.24;245B000000611;-693.7210839520711
Ago.24;245E000000490;-1398.27
Ago.24;245F000000640;9917.617926992998
Ago.24;245H000000490;-8332.68
Ago.24;245A000000493;-30676.46640220305
Ago.24;245A000000492;-14004.976523319403
Ago.24;245A000000491;-11298.37088895148
Ago.24;245B000000491;-5597.717701385348
Ago.24;245C000000640;-1055.4072389094226
Ago.24;2455000000490;-1084.5192751829625
Ago.24;245B000000636;-244.0
Ago.24;245C000000490;-7061.55
Ago.24;24A4000000010;-134.78
Ago.24;2488000002930;-546.0424719611813
Ago.24;245F000000611;32279.22749996495
Ago.24;245B000000490;-17573.77
Ago.24;245D000000640;-2835.52160527495
Ago.24;245F000000634;-66054.77
Ago.24;24JM000000039;15493.240140517322
Ago.24;24JM000000500;27129.34220146804
Set.24;2455000000490;-899.64
Set.24;245B000000490;-60867.57
Set.24;245B000000491;-5475.3963545611205
Set.24;245B000000611;-611.0696816592201
Set.24;24JM000000039;199.71
Set.24;2488000002930;-565.5475844662751
Set.24;245F000000640;9516.013322034876
Set.24;245H000000490;-4533.75
Set.24;245A000000493;-31922.272604137368
Set.24;245F000000634;-51599.1
Set.24;245A000000492;-13808.195396595369
Set.24;245B000000640;-780.7779813714587
Set.24;245A000000491;-199.71
Set.24;245C000000640;-1056.5662230413325
Set.24;24JM000000490;-14806.89
Set.24;245E000000490;-1353.17
Set.24;24A0000000017;-5047.104008259825
Set.24;245D000000640;-5874.0
Set.24;24JM000000050;3912.9344694937995
Set.24;245C000000490;-5718.59
Set.24;2488000000544;-27685.31
Set.24;245F000000611;31427.051337949768
Set.24;24A4000000010;-130.43
Set.24;2488000000611;10962.285533262891
Set.24;245A000000490;-11535.56
Set.24;245F000002930;-7576.18
Set.24;245B000000636;-341.0626689370565
Set.24;24JM000000500;14806.89
Set.24;2488000000640;-2.89
Ott.24;245F000000611;33626.330331777775
Ott.24;24JM000000500;417.44
Ott.24;245C000000640;-1053.4318877424462
Ott.24;24JM000000490;-417.44
Ott.24;245D000000640;-3056.8153142375563
Ott.24;245A000000491;-3749.6577585437117
Ott.24;245A000000490;-1491.21
Ott.24;2488000002930;-515.2430815530279
Ott.24;245A000000493;-33557.626724217305
Ott.24;245B000000640;-803.382014787317
Ott.24;245H000000490;-16575.95
Ott.24;245F000000640;10582.187883855833
Ott.24;245C000000490;-3160.38
Ott.24;245A000000492;-14047.47225354571
Ott.24;245B000000636;-333.67549774884395
Ott.24;2488000000544;-26802.13
Ott.24;24JM000000039;14262.359464968238
Ott.24;24A0000000017;-4957.925432883385
Ott.24;2455000000490;-1857.19
Ott.24;2488000000611;11731.238168053
Ott.24;245B000000491;-6753.15
Ott.24;24JM000000050;4004.3101963280815
Ott.24;245F000000634;-86256.65
Ott.24;245F000002930;-8909.719256301707
Ott.24;245B000000490;1062.4
Ott.24;245B000000611;-775.59731414417
Ott.24;24A4000000010;-33.7
Ott.24;245E000000490;-1398.27
Ott.24;2488000000640;-2.98
Nov.24;245H000000490;-4008.1
Nov.24;245A000000492;-13916.995203114882
Nov.24;245F000002930;-8804.22995123059
Nov.24;24A4000000010;-32.61
Nov.24;245C000000490;-7074.68
Nov.24;24JM000000039;2494.5999046687884
Nov.24;245A000000491;-5135.100237222454
Nov.24;245A000000490;-10017.82
Nov.24;245B000000636;-337.1985774949494
Nov.24;245F000000634;-80856.02
Nov.24;24JM000000490;-18957.03
Nov.24;2488000002930;-524.5694854148803
Nov.24;2488000000611;11588.805120145014
Nov.24;2455000000490;-960.9154363945124
Nov.24;245D000000640;-7289.15
Nov.24;245E000000490;-1353.17
Nov.24;245C000000640;-1054.0023190053353
Nov.24;24A0000000017;-4974.438728899566
Nov.24;245B000000611;-729.6128406229253
Nov.24;245B000000491;-5690.872374208944
Nov.24;2488000000544;-22913.48
Nov.24;245B000000490;-120086.86
Nov.24;24JM000000050;3971.1887511665
Nov.24;245F000000611;33218.752737808456
Nov.24;245A000000493;-34991.19763950212
Nov.24;2488000000640;-125.84
Nov.24;245B000000640;-799.1964020582351
Nov.24;24JM000000500;18957.03
Nov.24;245F000000640;10385.958431458992
Dic.24;2488000000640;-2026.05
Dic.24;24JM000000490;-38837.54
Dic.24;2488000002930;-380.97080169422395
Dic.24;24JM000000500;38837.55
Dic.24;245F000000611;39500.7067599126
Dic.24;2455000000490;-1248.48976126044
Dic.24;245B000000491;-6634.751094089121
Dic.24;245C000000490;-2084.85
Dic.24;245E000000490;-20613.27
Dic.24;245B000000611;-1225.0778374544611
Dic.24;2488000000611;13784.97923263236
Dic.24;245A000000492;-15395.335582289665
Dic.24;245C000000640;-1045.0982549292005
Dic.24;245B000000636;-371.30019490414935
Dic.24;24A0000000017;-4719.75419083829
Dic.24;2488000000544;-45914.13
Dic.24;245B000000490;-61851.49
Dic.24;245A000000490;-18370.81
Dic.24;245F000002930;-9991.12185084482
Dic.24;245D000000640;-15134.88
Dic.24;245B000000640;-863.7511083992528
Dic.24;245A000000493;-37204.08088455405
Dic.24;245H000000490;2202.29
Dic.24;245F000000634;-229422.52
Dic.24;24A4000000010;-33.7
Dic.24;245A000000491;-5816.892586066419
Dic.24;24JM000000039;10831.92963946235
Dic.24;245F000000640;13423.57413294752
Dic.24;24JM000000050;4259.165169289272
Gen.25;245F000000640;14685.275547972335
Gen.25;245C000000640;-1041.3998914197343
Gen.25;24JM000000500;2397.92
Gen.25;245E000000490;-1398.27
Gen.25;24JM000000050;4371.528967604018
Gen.25;245A000000490;-15216.91
Gen.25;245D000000640;-3416.0
Gen.25;245F000000634;-15982.8
Gen.25;2455000000490;-1199.0442574331914
Gen.25;245A000000491;-6184.538017443746
Gen.25;24JM000000490;-2397.92
Gen.25;24JM000000039;3216.2754626671303
Gen.25;245F000000611;42110.00087157121
Gen.25;245F000002930;-10482.585503668786
Gen.25;245C000000490;-12573.01
Gen.25;2488000002930;-321.3349028046312
Gen.25;245A000000492;-16070.307253240355
Gen.25;245B000000640;157.86
Gen.25;24A0000000017;-4613.9663148904165
Gen.25;2488000000544;-28885.17
Gen.25;245A000000493;-39110.77997169984
Gen.25;24A4000000010;-137.77
Gen.25;2488000000640;-684.99
Gen.25;245H000000490;-11467.66
Gen.25;245B000000611;-1423.8087850361094
Gen.25;245B000000491;-7010.270172320955
Gen.25;245B000000490;-7340.3
Gen.25;245B000000636;-386.5871266121421
Gen.25;2488000000611;14697.194191205357
Feb.25;24JM000000039;9284.130572042535
Feb.25;245B000000640;-756.0948174517405
Feb.25;245A000000493;-40661.24675138884
Feb.25;245F000000640;13922.058086504108
Feb.25;245A000000491;-6411.140793353716
Feb.25;2488000000640;-4890.77
Feb.25;245F000000634;-76940.19
Feb.25;24JM000000490;-4600.0
Feb.25;24A4000000010;-124.44
Feb.25;245H000000490;-23201.42
Feb.25;245C000000640;-1148.11
Feb.25;2455000000490;-1226.5326666913181
Feb.25;245D000000640;-3384.5144287621106
Feb.25;2488000000611;14145.33339141768
Feb.25;245F000000611;40531.40438057401
Feb.25;245B000000611;-1284.1223447619948
Feb.25;245B000000636;-644.16
Feb.25;245B000000490;-30229.5
Feb.25;245F000002930;-10184.979041347658
Feb.25;245B000000491;-6783.391964816252
Feb.25;2488000000544;-23561.15
Feb.25;245A000000490;-14459.75
Feb.25;245C000000490;-8194.14
Feb.25;245A000000492;-15545.20863079156
Feb.25;2488000002930;-357.4113003045256
Feb.25;24JM000000500;4600.0
Feb.25;24JM000000050;4283.567125653248
Feb.25;24A0000000017;-4677.962224632645
Feb.25;245E000000490;-4014.16
Mar.25;245F000000640;31016.87
Mar.25;2488000000640;-949.24
Mar.25;24A0000000017;-5490.0
Mar.25;2455000000490;-1213.8367399550098
Mar.25;245B000000490;-28878.82
Mar.25;2488000000544;-24474.83
Mar.25;245A000000493;-42603.64371169152
Mar.25;2488000002930;-327.50179615318746
Mar.25;24JM000000050;4334.407278697287
Mar.25;245A000000490;-17645.76
Mar.25;245B000000640;-873.2772119138348
Mar.25;245B000000636;-323.7541341785978
Mar.25;24JM000000490;-79772.66
Mar.25;245F000000611;41840.036845364535
Mar.25;245C000000640;-1956.45
Mar.25;245F000000634;-85744.79
Mar.25;24JM000000039;4330.689945682955
Mar.25;245B000000491;-6971.390811420585
Mar.25;24JM000000500;79772.66
Mar.25;245A000000492;-15885.883173529772
Mar.25;245C000000490;-1615.01
Mar.25;245E000000490;-1398.27
Mar.25;245D000000640;-292.8
Mar.25;245F000002930;-31658.49
Mar.25;245A000000491;-6510.488356516382
Mar.25;245H000000490;-6757.97
Mar.25;245B000000611;-1378.30275965508
Mar.25;2488000000611;14602.830644517939
Mar.25;24A4000000010;-137.77
Apr.25;2488000000640;-5107.48
Apr.25;24A0000000017;-366.0
Apr.25;245E000000490;-1353.17
Apr.25;245B000000636;-382.5971799818609
Apr.25;2488000002930;-404.4249020859411
Apr.25;245A000000492;-14805.16573279507
Apr.25;245A000000490;-17287.94
Apr.25;245C000000490;-3535.37
Apr.25;2488000000544;-23267.86
Apr.25;245B000000490;-80.53
Apr.25;245F000002930;-8320.27898144845
Apr.25;245F000000634;-73191.09
Apr.25;245F000000611;38474.50631211204
Apr.25;24JM000000050;4161.585898104093
Apr.25;24JM000000490;-28097.052486754033
Apr.25;2488000000611;13426.258764255404
Apr.25;24A4000000010;-230.77
Apr.25;2455000000490;-1183.8400701805708
Apr.25;245B000000491;-20675.21
Apr.25;245C000000640;-1147.7499613823468
Apr.25;245F000000640;13193.700529607799
Apr.25;245H000000490;-4348.05
Apr.25;24JM000000500;2080.0
Apr.25;245B000000640;-851.4867723871315
Apr.25;245B000000611;-1094.716133103165
Apr.25;24JM000000039;8732.168197665611
Apr.25;245A000000493;-44147.56736976908
Apr.25;245D000000640;-7706.84
Apr.25;245A000000491;-6605.61162199239
Mag.25;245F000002930;-10121.140738472255
Mag.25;245H000000490;-4489.73
Mag.25;245F000000611;39566.11100196242
Mag.25;245F000000634;-88373.38
Mag.25;245B000000640;-864.2147605198786
Mag.25;2488000000544;-25989.72
Mag.25;2488000000611;13807.880260274942
Mag.25;245C000000640;-1083.3148224219863
Mag.25;245D000000640;-3437.4417239033237
Mag.25;245C000000490;-2118.4
Mag.25;2455000000490;-1187.381064846814
Mag.25;24JM000000490;-15386.7
Mag.25;245B000000490;-121430.99
Mag.25;24JM000000039;5399.482212650977
Mag.25;245B000000611;-1171.9664930764684
Mag.25;24A4000000010;-238.46
Mag.25;24A0000000017;-549.0
Mag.25;24JM000000500;15386.7
Mag.25;245E000000490;-1398.27
Mag.25;245A000000490;-15533.21
Mag.25;245F000000640;13474.527415991284
Mag.25;245A000000492;-15091.329639925869
Mag.25;2488000002930;-379.4749817714642
Mag.25;2488000000640;-2127.405872131333
Mag.25;245A000000493;-46257.81047478963
Mag.25;245A000000491;-6626.690780828238
Mag.25;245B000000636;-273.28
Mag.25;24JM000000050;4202.793491018049
Mag.25;245B000000491;-793.0
Giu.25;2455000000490;-1248.0158568933696
Giu.25;2488000002930;-297.0360260320209
Giu.25;24JM000000490;-17763.18
Giu.25;245B000000491;-79.3
Giu.25;2488000000611;15068.779469630856
Giu.25;245B000000611;-1452.960819998463
Giu.25;245E000000490;-14506.245878805505
Giu.25;245F000000611;43172.84607020541
Giu.25;245B000000490;-81419.49
Giu.25;245F000000634;-95478.51
Giu.25;2488000000544;-22854.61
Giu.25;24A0000000017;-732.0
Giu.25;24JM000000050;4364.9289118343
Giu.25;245A000000493;-48735.2362983474
Giu.25;245C000000490;-11799.65
Giu.25;2488000000640;-2345.4285887056326
Giu.25;245F000000640;8556.2
Giu.25;24JM000000500;17373.78
Giu.25;24A4000000010;-230.77
Giu.25;245F000002930;-10673.775708290239
Giu.25;245C000000640;-1054.505665136136
Giu.25;245B000000640;-901.4622312694332
Giu.25;245A000000490;-15700.35
Giu.25;24JM000000039;7385.254608512887
Giu.25;245A000000491;-6606.708420568521
Giu.25;245H000000490;-5684.72
Giu.25;245D000000640;-3548.6760949493028
Giu.25;245B000000636;-683.2
Giu.25;245A000000492;-16165.83686012205
Lug.25;245H000000490;-76235.05
Lug.25;245F000000640;12753.793182915797
Lug.25;245B000000640;-919.4972463606833
Lug.25;245C000000640;-1042.9350189467689
Lug.25;245A000000492;-25376.0
Lug.25;24JM000000039;5028.414533766205
Lug.25;2488000000611;15681.5656197437
Lug.25;245B000000611;-1584.2897072482401
Lug.25;245A000000493;-51125.80496980746
Lug.25;24A4000000010;-168.48
Lug.25;24JM000000490;-7959.77
Lug.25;2455000000490;-1269.4834432029086
Lug.25;245A000000491;-6597.847843735595
Lug.25;24JM000000500;2272.96
Lug.25;245F000000634;-63632.34
Lug.25;245D000000640;-315.37
Lug.25;245B000000636;-224.48
Lug.25;245F000002930;-257.01
Lug.25;245F000000611;44925.6884060919
Lug.25;2488000000640;-2286.925727841133
Lug.25;24A0000000017;-4501.521407575781
Lug.25;245A000000490;-17005.82
Lug.25;2488000000544;-24616.86
Lug.25;245C000000490;-11416.44
Lug.25;245B000000491;-7892.636586682809
Lug.25;245E000000490;-13675.778134742814
Lug.25;2488000002930;-256.9719945101042
Lug.25;24JM000000050;4438.55355840077
Lug.25;245B000000490;-30359.19
Ago.25;245F000000611;51570.65590222545
Ago.25;24A4000000010;-168.48
Ago.25;245E000000490;-12073.926732962418
Ago.25;24JM000000039;5674.398037903926
Ago.25;245A000000492;-27659.090036790854
Ago.25;245F000002930;-13054.42546016684
Ago.25;245B000000611;-2111.617005349005
Ago.25;245A000000490;-16192.5
Ago.25;2488000000611;18004.616867403554
Ago.25;245F000000634;-32047.02
Ago.25;245D000000640;-3929.479013792973
Ago.25;245B000000636;-489.42422598765603
Ago.25;2488000000640;-2176.6127504911033
Ago.25;2488000000544;-27282.12
Ago.25;245C000000490;-215.0
Ago.25;245B000000490;-6825.85
Ago.25;245B000000491;-8330.812407579597
Ago.25;2488000002930;-105.08940347153452
Ago.25;245A000000491;-6534.0620192306915
Ago.25;24JM000000050;4747.024817535143
Ago.25;245A000000493;-54144.309879085136
Ago.25;24JM000000490;-634.4
Ago.25;245F000000640;18188.58103281482
Ago.25;2455000000490;-1370.2626222789288
Ago.25;245C000000640;-1030.0978412230886
Ago.25;245B000000640;-987.7834730959087
Ago.25;24JM000000500;634.4
Ago.25;245H000000490;-16039.41
Ago.25;24A0000000017;-4230.556836095085
Set.25;2488000000640;-2229.853207571612
Set.25;245B000000491;-7920.485658263046
Set.25;245C000000490;-741.76
Set.25;245E000000490;-12838.901806214333
Set.25;245F000002930;-413.84
Set.25;245A000000492;-27030.580784447386
Set.25;24A4000000010;-163.04
Set.25;24JM000000039;4774.878720010454
Set.25;245A000000491;-6569.23126596785
Set.25;245H000000490;-16786.31
Set.25;245B000000640;-955.4942138566857
Set.25;245C000000640;215.0
Set.25;245F000000640;17471.508109612598
Set.25;245A000000493;-56253.31563747578
Set.25;24A0000000017;-549.0
Set.25;24JM000000050;4586.680868765666
Set.25;245A000000490;-15454.43
Set.25;2488000000544;-22424.94
Set.25;245B000000636;-273.28
Set.25;245D000000640;-3848.6782213321835
Set.25;245F000000634;-60139.29
Set.25;245B000000490;-79296.53
Set.25;2488000002930;-176.91106549434545
Set.25;24JM000000490;-3155.28
Set.25;2455000000490;-1322.1629690496986
Set.25;2488000000611;16906.100576862525
Set.25;245B000000611;-1847.5529306951746
Set.25;245F000000611;48428.407092483874
Set.25;24JM000000500;3155.29
