ECO_GRP_0;ECO_GRP_1;DRV_COD
"PARCELLE LEGALI, FISCALI, NOTARILI";PARCELLE ALTRE;Accantonato del mese nuovi oneri
"PARCELLE LEGALI, FISCALI, NOTARILI";PARCELLE ALTRE;Costo Medio Cause
"PARCELLE LEGALI, FISCALI, NOTARILI";PARCELLE ALTRE;Costo parcelle su importo complessivo domanda
"PARCELLE LEGALI, FISCALI, NOTARILI";PARCELLE ALTRE;Oneri cause passive e rischio operativo
"PARCELLE LEGALI, FISCALI, NOTARILI";PARCELLE ALTRE;Importo complessivo di domanda cause pendenti
"PARCELLE LEGALI, FISCALI, NOTARILI";PARCELLE ALTRE;Intervento consulenti esterni gestione atti liti fiscali
"PARCELLE LEGALI, FISCALI, NOTARILI";PARCELLE ALTRE;Numero Cause
"PARCELLE LEGALI, FISCALI, NOTARILI";PARCELLE ALTRE;Oneri spese legali al netto degli accantomenti
"PARCELLE LEGALI, FISCALI, NOTARILI";PARCELLE FISCALI;Accantonato del mese nuovi oneri
"PARCELLE LEGALI, FISCALI, NOTARILI";PARCELLE FISCALI;Costo Medio Cause
"PARCELLE LEGALI, FISCALI, NOTARILI";PARCELLE FISCALI;Costo parcelle su importo complessivo domanda
"PARCELLE LEGALI, FISCALI, NOTARILI";PARCELLE FISCALI;Oneri cause passive e rischio operativo
"PARCELLE LEGALI, FISCALI, NOTARILI";PARCELLE FISCALI;Importo complessivo di domanda cause pendenti
"PARCELLE LEGALI, FISCALI, NOTARILI";PARCELLE FISCALI;Intervento consulenti esterni gestione atti liti fiscali
"PARCELLE LEGALI, FISCALI, NOTARILI";PARCELLE FISCALI;Numero Cause
"PARCELLE LEGALI, FISCALI, NOTARILI";PARCELLE FISCALI;Oneri spese legali al netto degli accantomenti
"PARCELLE LEGALI, FISCALI, NOTARILI";PARCELLE LEGALI - RISCHIO OPERATIVO;Accantonato del mese nuovi oneri
"PARCELLE LEGALI, FISCALI, NOTARILI";PARCELLE LEGALI - RISCHIO OPERATIVO;Costo Medio Cause
"PARCELLE LEGALI, FISCALI, NOTARILI";PARCELLE LEGALI - RISCHIO OPERATIVO;Costo parcelle su importo complessivo domanda
"PARCELLE LEGALI, FISCALI, NOTARILI";PARCELLE LEGALI - RISCHIO OPERATIVO;Oneri cause passive e rischio operativo
"PARCELLE LEGALI, FISCALI, NOTARILI";PARCELLE LEGALI - RISCHIO OPERATIVO;Importo complessivo di domanda cause pendenti
"PARCELLE LEGALI, FISCALI, NOTARILI";PARCELLE LEGALI - RISCHIO OPERATIVO;Intervento consulenti esterni gestione atti liti fiscali
"PARCELLE LEGALI, FISCALI, NOTARILI";PARCELLE LEGALI - RISCHIO OPERATIVO;Numero Cause
"PARCELLE LEGALI, FISCALI, NOTARILI";PARCELLE LEGALI - RISCHIO OPERATIVO;Oneri spese legali al netto degli accantomenti
"PARCELLE LEGALI, FISCALI, NOTARILI";PARCELLE LEGALI CAUSE PASSIVE;Accantonato del mese nuovi oneri
"PARCELLE LEGALI, FISCALI, NOTARILI";PARCELLE LEGALI CAUSE PASSIVE;Costo Medio Cause
"PARCELLE LEGALI, FISCALI, NOTARILI";PARCELLE LEGALI CAUSE PASSIVE;Costo parcelle su importo complessivo domanda
"PARCELLE LEGALI, FISCALI, NOTARILI";PARCELLE LEGALI CAUSE PASSIVE;Oneri cause passive e rischio operativo
"PARCELLE LEGALI, FISCALI, NOTARILI";PARCELLE LEGALI CAUSE PASSIVE;Importo complessivo di domanda cause pendenti
"PARCELLE LEGALI, FISCALI, NOTARILI";PARCELLE LEGALI CAUSE PASSIVE;Intervento consulenti esterni gestione atti liti fiscali
"PARCELLE LEGALI, FISCALI, NOTARILI";PARCELLE LEGALI CAUSE PASSIVE;Numero Cause
"PARCELLE LEGALI, FISCALI, NOTARILI";PARCELLE LEGALI CAUSE PASSIVE;Oneri spese legali al netto degli accantomenti
"PARCELLE LEGALI, FISCALI, NOTARILI";PARCELLE LEGALI CONTENZIOSO CREDITI;Accantonato del mese nuovi oneri
"PARCELLE LEGALI, FISCALI, NOTARILI";PARCELLE LEGALI CONTENZIOSO CREDITI;Costo Medio Cause
"PARCELLE LEGALI, FISCALI, NOTARILI";PARCELLE LEGALI CONTENZIOSO CREDITI;Costo parcelle su importo complessivo domanda
"PARCELLE LEGALI, FISCALI, NOTARILI";PARCELLE LEGALI CONTENZIOSO CREDITI;Oneri cause passive e rischio operativo
"PARCELLE LEGALI, FISCALI, NOTARILI";PARCELLE LEGALI CONTENZIOSO CREDITI;Importo complessivo di domanda cause pendenti
"PARCELLE LEGALI, FISCALI, NOTARILI";PARCELLE LEGALI CONTENZIOSO CREDITI;Intervento consulenti esterni gestione atti liti fiscali
"PARCELLE LEGALI, FISCALI, NOTARILI";PARCELLE LEGALI CONTENZIOSO CREDITI;Numero Cause
"PARCELLE LEGALI, FISCALI, NOTARILI";PARCELLE LEGALI CONTENZIOSO CREDITI;Oneri spese legali al netto degli accantomenti
"PARCELLE LEGALI, FISCALI, NOTARILI";PARCELLE LEGALI NO CAUSE;Accantonato del mese nuovi oneri
"PARCELLE LEGALI, FISCALI, NOTARILI";PARCELLE LEGALI NO CAUSE;Costo Medio Cause
"PARCELLE LEGALI, FISCALI, NOTARILI";PARCELLE LEGALI NO CAUSE;Costo parcelle su importo complessivo domanda
"PARCELLE LEGALI, FISCALI, NOTARILI";PARCELLE LEGALI NO CAUSE;Oneri cause passive e rischio operativo
"PARCELLE LEGALI, FISCALI, NOTARILI";PARCELLE LEGALI NO CAUSE;Importo complessivo di domanda cause pendenti
"PARCELLE LEGALI, FISCALI, NOTARILI";PARCELLE LEGALI NO CAUSE;Intervento consulenti esterni gestione atti liti fiscali
"PARCELLE LEGALI, FISCALI, NOTARILI";PARCELLE LEGALI NO CAUSE;Numero Cause
"PARCELLE LEGALI, FISCALI, NOTARILI";PARCELLE LEGALI NO CAUSE;Oneri spese legali al netto degli accantomenti
"PARCELLE LEGALI, FISCALI, NOTARILI";PARCELLE NOTARILI;Accantonato del mese nuovi oneri
"PARCELLE LEGALI, FISCALI, NOTARILI";PARCELLE NOTARILI;Costo Medio Cause
"PARCELLE LEGALI, FISCALI, NOTARILI";PARCELLE NOTARILI;Costo parcelle su importo complessivo domanda
"PARCELLE LEGALI, FISCALI, NOTARILI";PARCELLE NOTARILI;Oneri cause passive e rischio operativo
"PARCELLE LEGALI, FISCALI, NOTARILI";PARCELLE NOTARILI;Importo complessivo di domanda cause pendenti
"PARCELLE LEGALI, FISCALI, NOTARILI";PARCELLE NOTARILI;Intervento consulenti esterni gestione atti liti fiscali
"PARCELLE LEGALI, FISCALI, NOTARILI";PARCELLE NOTARILI;Numero Cause
"PARCELLE LEGALI, FISCALI, NOTARILI";PARCELLE NOTARILI;Oneri spese legali al netto degli accantomenti
"PARCELLE LEGALI, FISCALI, NOTARILI";PARCELLE PER OPERAZ SOCIETARIE;Accantonato del mese nuovi oneri
"PARCELLE LEGALI, FISCALI, NOTARILI";PARCELLE PER OPERAZ SOCIETARIE;Costo Medio Cause
"PARCELLE LEGALI, FISCALI, NOTARILI";PARCELLE PER OPERAZ SOCIETARIE;Costo parcelle su importo complessivo domanda
"PARCELLE LEGALI, FISCALI, NOTARILI";PARCELLE PER OPERAZ SOCIETARIE;Oneri cause passive e rischio operativo
"PARCELLE LEGALI, FISCALI, NOTARILI";PARCELLE PER OPERAZ SOCIETARIE;Importo complessivo di domanda cause pendenti
"PARCELLE LEGALI, FISCALI, NOTARILI";PARCELLE PER OPERAZ SOCIETARIE;Intervento consulenti esterni gestione atti liti fiscali
"PARCELLE LEGALI, FISCALI, NOTARILI";PARCELLE PER OPERAZ SOCIETARIE;Numero Cause
"PARCELLE LEGALI, FISCALI, NOTARILI";PARCELLE PER OPERAZ SOCIETARIE;Oneri spese legali al netto degli accantomenti
"PARCELLE LEGALI, FISCALI, NOTARILI";PARCELLE ALTRE;€STR
"PARCELLE LEGALI, FISCALI, NOTARILI";PARCELLE FISCALI;€STR
"PARCELLE LEGALI, FISCALI, NOTARILI";PARCELLE LEGALI - RISCHIO OPERATIVO;€STR
"PARCELLE LEGALI, FISCALI, NOTARILI";PARCELLE LEGALI CAUSE PASSIVE;€STR
"PARCELLE LEGALI, FISCALI, NOTARILI";PARCELLE LEGALI CONTENZIOSO CREDITI;€STR
"PARCELLE LEGALI, FISCALI, NOTARILI";PARCELLE LEGALI NO CAUSE;€STR
"PARCELLE LEGALI, FISCALI, NOTARILI";PARCELLE NOTARILI;€STR
"PARCELLE LEGALI, FISCALI, NOTARILI";PARCELLE PER OPERAZ SOCIETARIE;€STR
"PARCELLE LEGALI, FISCALI, NOTARILI";PARCELLE ALTRE;10Y ITA
"PARCELLE LEGALI, FISCALI, NOTARILI";PARCELLE FISCALI;10Y ITA
"PARCELLE LEGALI, FISCALI, NOTARILI";PARCELLE LEGALI - RISCHIO OPERATIVO;10Y ITA
"PARCELLE LEGALI, FISCALI, NOTARILI";PARCELLE LEGALI CAUSE PASSIVE;10Y ITA
"PARCELLE LEGALI, FISCALI, NOTARILI";PARCELLE LEGALI CONTENZIOSO CREDITI;10Y ITA
"PARCELLE LEGALI, FISCALI, NOTARILI";PARCELLE LEGALI NO CAUSE;10Y ITA
"PARCELLE LEGALI, FISCALI, NOTARILI";PARCELLE NOTARILI;10Y ITA
"PARCELLE LEGALI, FISCALI, NOTARILI";PARCELLE PER OPERAZ SOCIETARIE;10Y ITA
"PARCELLE LEGALI, FISCALI, NOTARILI";PARCELLE ALTRE;10Y USA
"PARCELLE LEGALI, FISCALI, NOTARILI";PARCELLE FISCALI;10Y USA
"PARCELLE LEGALI, FISCALI, NOTARILI";PARCELLE LEGALI - RISCHIO OPERATIVO;10Y USA
"PARCELLE LEGALI, FISCALI, NOTARILI";PARCELLE LEGALI CAUSE PASSIVE;10Y USA
"PARCELLE LEGALI, FISCALI, NOTARILI";PARCELLE LEGALI CONTENZIOSO CREDITI;10Y USA
"PARCELLE LEGALI, FISCALI, NOTARILI";PARCELLE LEGALI NO CAUSE;10Y USA
"PARCELLE LEGALI, FISCALI, NOTARILI";PARCELLE NOTARILI;10Y USA
"PARCELLE LEGALI, FISCALI, NOTARILI";PARCELLE PER OPERAZ SOCIETARIE;10Y USA
"PARCELLE LEGALI, FISCALI, NOTARILI";PARCELLE ALTRE;Brent
"PARCELLE LEGALI, FISCALI, NOTARILI";PARCELLE FISCALI;Brent
"PARCELLE LEGALI, FISCALI, NOTARILI";PARCELLE LEGALI - RISCHIO OPERATIVO;Brent
"PARCELLE LEGALI, FISCALI, NOTARILI";PARCELLE LEGALI CAUSE PASSIVE;Brent
"PARCELLE LEGALI, FISCALI, NOTARILI";PARCELLE LEGALI CONTENZIOSO CREDITI;Brent
"PARCELLE LEGALI, FISCALI, NOTARILI";PARCELLE LEGALI NO CAUSE;Brent
"PARCELLE LEGALI, FISCALI, NOTARILI";PARCELLE NOTARILI;Brent
"PARCELLE LEGALI, FISCALI, NOTARILI";PARCELLE PER OPERAZ SOCIETARIE;Brent
"PARCELLE LEGALI, FISCALI, NOTARILI";PARCELLE ALTRE;Consumi privati - Italia (% a/a)
"PARCELLE LEGALI, FISCALI, NOTARILI";PARCELLE FISCALI;Consumi privati - Italia (% a/a)
"PARCELLE LEGALI, FISCALI, NOTARILI";PARCELLE LEGALI - RISCHIO OPERATIVO;Consumi privati - Italia (% a/a)
"PARCELLE LEGALI, FISCALI, NOTARILI";PARCELLE LEGALI CAUSE PASSIVE;Consumi privati - Italia (% a/a)
"PARCELLE LEGALI, FISCALI, NOTARILI";PARCELLE LEGALI CONTENZIOSO CREDITI;Consumi privati - Italia (% a/a)
"PARCELLE LEGALI, FISCALI, NOTARILI";PARCELLE LEGALI NO CAUSE;Consumi privati - Italia (% a/a)
"PARCELLE LEGALI, FISCALI, NOTARILI";PARCELLE NOTARILI;Consumi privati - Italia (% a/a)
"PARCELLE LEGALI, FISCALI, NOTARILI";PARCELLE PER OPERAZ SOCIETARIE;Consumi privati - Italia (% a/a)
"PARCELLE LEGALI, FISCALI, NOTARILI";PARCELLE ALTRE;Consumi privati - Italia (% t/t)
"PARCELLE LEGALI, FISCALI, NOTARILI";PARCELLE FISCALI;Consumi privati - Italia (% t/t)
"PARCELLE LEGALI, FISCALI, NOTARILI";PARCELLE LEGALI - RISCHIO OPERATIVO;Consumi privati - Italia (% t/t)
"PARCELLE LEGALI, FISCALI, NOTARILI";PARCELLE LEGALI CAUSE PASSIVE;Consumi privati - Italia (% t/t)
"PARCELLE LEGALI, FISCALI, NOTARILI";PARCELLE LEGALI CONTENZIOSO CREDITI;Consumi privati - Italia (% t/t)
"PARCELLE LEGALI, FISCALI, NOTARILI";PARCELLE LEGALI NO CAUSE;Consumi privati - Italia (% t/t)
"PARCELLE LEGALI, FISCALI, NOTARILI";PARCELLE NOTARILI;Consumi privati - Italia (% t/t)
"PARCELLE LEGALI, FISCALI, NOTARILI";PARCELLE PER OPERAZ SOCIETARIE;Consumi privati - Italia (% t/t)
"PARCELLE LEGALI, FISCALI, NOTARILI";PARCELLE ALTRE;Consumi privati - Italia (livello)
"PARCELLE LEGALI, FISCALI, NOTARILI";PARCELLE FISCALI;Consumi privati - Italia (livello)
"PARCELLE LEGALI, FISCALI, NOTARILI";PARCELLE LEGALI - RISCHIO OPERATIVO;Consumi privati - Italia (livello)
"PARCELLE LEGALI, FISCALI, NOTARILI";PARCELLE LEGALI CAUSE PASSIVE;Consumi privati - Italia (livello)
"PARCELLE LEGALI, FISCALI, NOTARILI";PARCELLE LEGALI CONTENZIOSO CREDITI;Consumi privati - Italia (livello)
"PARCELLE LEGALI, FISCALI, NOTARILI";PARCELLE LEGALI NO CAUSE;Consumi privati - Italia (livello)
"PARCELLE LEGALI, FISCALI, NOTARILI";PARCELLE NOTARILI;Consumi privati - Italia (livello)
"PARCELLE LEGALI, FISCALI, NOTARILI";PARCELLE PER OPERAZ SOCIETARIE;Consumi privati - Italia (livello)
"PARCELLE LEGALI, FISCALI, NOTARILI";PARCELLE ALTRE;Euribor 3M
"PARCELLE LEGALI, FISCALI, NOTARILI";PARCELLE FISCALI;Euribor 3M
"PARCELLE LEGALI, FISCALI, NOTARILI";PARCELLE LEGALI - RISCHIO OPERATIVO;Euribor 3M
"PARCELLE LEGALI, FISCALI, NOTARILI";PARCELLE LEGALI CAUSE PASSIVE;Euribor 3M
"PARCELLE LEGALI, FISCALI, NOTARILI";PARCELLE LEGALI CONTENZIOSO CREDITI;Euribor 3M
"PARCELLE LEGALI, FISCALI, NOTARILI";PARCELLE LEGALI NO CAUSE;Euribor 3M
"PARCELLE LEGALI, FISCALI, NOTARILI";PARCELLE NOTARILI;Euribor 3M
"PARCELLE LEGALI, FISCALI, NOTARILI";PARCELLE PER OPERAZ SOCIETARIE;Euribor 3M
"PARCELLE LEGALI, FISCALI, NOTARILI";PARCELLE ALTRE;Eurostoxx 50
"PARCELLE LEGALI, FISCALI, NOTARILI";PARCELLE FISCALI;Eurostoxx 50
"PARCELLE LEGALI, FISCALI, NOTARILI";PARCELLE LEGALI - RISCHIO OPERATIVO;Eurostoxx 50
"PARCELLE LEGALI, FISCALI, NOTARILI";PARCELLE LEGALI CAUSE PASSIVE;Eurostoxx 50
"PARCELLE LEGALI, FISCALI, NOTARILI";PARCELLE LEGALI CONTENZIOSO CREDITI;Eurostoxx 50
"PARCELLE LEGALI, FISCALI, NOTARILI";PARCELLE LEGALI NO CAUSE;Eurostoxx 50
"PARCELLE LEGALI, FISCALI, NOTARILI";PARCELLE NOTARILI;Eurostoxx 50
"PARCELLE LEGALI, FISCALI, NOTARILI";PARCELLE PER OPERAZ SOCIETARIE;Eurostoxx 50
"PARCELLE LEGALI, FISCALI, NOTARILI";PARCELLE ALTRE;EURUSD
"PARCELLE LEGALI, FISCALI, NOTARILI";PARCELLE FISCALI;EURUSD
"PARCELLE LEGALI, FISCALI, NOTARILI";PARCELLE LEGALI - RISCHIO OPERATIVO;EURUSD
"PARCELLE LEGALI, FISCALI, NOTARILI";PARCELLE LEGALI CAUSE PASSIVE;EURUSD
"PARCELLE LEGALI, FISCALI, NOTARILI";PARCELLE LEGALI CONTENZIOSO CREDITI;EURUSD
"PARCELLE LEGALI, FISCALI, NOTARILI";PARCELLE LEGALI NO CAUSE;EURUSD
"PARCELLE LEGALI, FISCALI, NOTARILI";PARCELLE NOTARILI;EURUSD
"PARCELLE LEGALI, FISCALI, NOTARILI";PARCELLE PER OPERAZ SOCIETARIE;EURUSD
"PARCELLE LEGALI, FISCALI, NOTARILI";PARCELLE ALTRE;Ftse Mib
"PARCELLE LEGALI, FISCALI, NOTARILI";PARCELLE FISCALI;Ftse Mib
"PARCELLE LEGALI, FISCALI, NOTARILI";PARCELLE LEGALI - RISCHIO OPERATIVO;Ftse Mib
"PARCELLE LEGALI, FISCALI, NOTARILI";PARCELLE LEGALI CAUSE PASSIVE;Ftse Mib
"PARCELLE LEGALI, FISCALI, NOTARILI";PARCELLE LEGALI CONTENZIOSO CREDITI;Ftse Mib
"PARCELLE LEGALI, FISCALI, NOTARILI";PARCELLE LEGALI NO CAUSE;Ftse Mib
"PARCELLE LEGALI, FISCALI, NOTARILI";PARCELLE NOTARILI;Ftse Mib
"PARCELLE LEGALI, FISCALI, NOTARILI";PARCELLE PER OPERAZ SOCIETARIE;Ftse Mib
"PARCELLE LEGALI, FISCALI, NOTARILI";PARCELLE ALTRE;Germania 10Y
"PARCELLE LEGALI, FISCALI, NOTARILI";PARCELLE FISCALI;Germania 10Y
"PARCELLE LEGALI, FISCALI, NOTARILI";PARCELLE LEGALI - RISCHIO OPERATIVO;Germania 10Y
"PARCELLE LEGALI, FISCALI, NOTARILI";PARCELLE LEGALI CAUSE PASSIVE;Germania 10Y
"PARCELLE LEGALI, FISCALI, NOTARILI";PARCELLE LEGALI CONTENZIOSO CREDITI;Germania 10Y
"PARCELLE LEGALI, FISCALI, NOTARILI";PARCELLE LEGALI NO CAUSE;Germania 10Y
"PARCELLE LEGALI, FISCALI, NOTARILI";PARCELLE NOTARILI;Germania 10Y
"PARCELLE LEGALI, FISCALI, NOTARILI";PARCELLE PER OPERAZ SOCIETARIE;Germania 10Y
"PARCELLE LEGALI, FISCALI, NOTARILI";PARCELLE ALTRE;Inflazione - Area Euro (% a/a)
"PARCELLE LEGALI, FISCALI, NOTARILI";PARCELLE FISCALI;Inflazione - Area Euro (% a/a)
"PARCELLE LEGALI, FISCALI, NOTARILI";PARCELLE LEGALI - RISCHIO OPERATIVO;Inflazione - Area Euro (% a/a)
"PARCELLE LEGALI, FISCALI, NOTARILI";PARCELLE LEGALI CAUSE PASSIVE;Inflazione - Area Euro (% a/a)
"PARCELLE LEGALI, FISCALI, NOTARILI";PARCELLE LEGALI CONTENZIOSO CREDITI;Inflazione - Area Euro (% a/a)
"PARCELLE LEGALI, FISCALI, NOTARILI";PARCELLE LEGALI NO CAUSE;Inflazione - Area Euro (% a/a)
"PARCELLE LEGALI, FISCALI, NOTARILI";PARCELLE NOTARILI;Inflazione - Area Euro (% a/a)
"PARCELLE LEGALI, FISCALI, NOTARILI";PARCELLE PER OPERAZ SOCIETARIE;Inflazione - Area Euro (% a/a)
"PARCELLE LEGALI, FISCALI, NOTARILI";PARCELLE ALTRE;Inflazione - Cina (% a/a)
"PARCELLE LEGALI, FISCALI, NOTARILI";PARCELLE FISCALI;Inflazione - Cina (% a/a)
"PARCELLE LEGALI, FISCALI, NOTARILI";PARCELLE LEGALI - RISCHIO OPERATIVO;Inflazione - Cina (% a/a)
"PARCELLE LEGALI, FISCALI, NOTARILI";PARCELLE LEGALI CAUSE PASSIVE;Inflazione - Cina (% a/a)
"PARCELLE LEGALI, FISCALI, NOTARILI";PARCELLE LEGALI CONTENZIOSO CREDITI;Inflazione - Cina (% a/a)
"PARCELLE LEGALI, FISCALI, NOTARILI";PARCELLE LEGALI NO CAUSE;Inflazione - Cina (% a/a)
"PARCELLE LEGALI, FISCALI, NOTARILI";PARCELLE NOTARILI;Inflazione - Cina (% a/a)
"PARCELLE LEGALI, FISCALI, NOTARILI";PARCELLE PER OPERAZ SOCIETARIE;Inflazione - Cina (% a/a)
"PARCELLE LEGALI, FISCALI, NOTARILI";PARCELLE ALTRE;Inflazione - Giappone (% a/a)
"PARCELLE LEGALI, FISCALI, NOTARILI";PARCELLE FISCALI;Inflazione - Giappone (% a/a)
"PARCELLE LEGALI, FISCALI, NOTARILI";PARCELLE LEGALI - RISCHIO OPERATIVO;Inflazione - Giappone (% a/a)
"PARCELLE LEGALI, FISCALI, NOTARILI";PARCELLE LEGALI CAUSE PASSIVE;Inflazione - Giappone (% a/a)
"PARCELLE LEGALI, FISCALI, NOTARILI";PARCELLE LEGALI CONTENZIOSO CREDITI;Inflazione - Giappone (% a/a)
"PARCELLE LEGALI, FISCALI, NOTARILI";PARCELLE LEGALI NO CAUSE;Inflazione - Giappone (% a/a)
"PARCELLE LEGALI, FISCALI, NOTARILI";PARCELLE NOTARILI;Inflazione - Giappone (% a/a)
"PARCELLE LEGALI, FISCALI, NOTARILI";PARCELLE PER OPERAZ SOCIETARIE;Inflazione - Giappone (% a/a)
"PARCELLE LEGALI, FISCALI, NOTARILI";PARCELLE ALTRE;Inflazione - India (% a/a)
"PARCELLE LEGALI, FISCALI, NOTARILI";PARCELLE FISCALI;Inflazione - India (% a/a)
"PARCELLE LEGALI, FISCALI, NOTARILI";PARCELLE LEGALI - RISCHIO OPERATIVO;Inflazione - India (% a/a)
"PARCELLE LEGALI, FISCALI, NOTARILI";PARCELLE LEGALI CAUSE PASSIVE;Inflazione - India (% a/a)
"PARCELLE LEGALI, FISCALI, NOTARILI";PARCELLE LEGALI CONTENZIOSO CREDITI;Inflazione - India (% a/a)
"PARCELLE LEGALI, FISCALI, NOTARILI";PARCELLE LEGALI NO CAUSE;Inflazione - India (% a/a)
"PARCELLE LEGALI, FISCALI, NOTARILI";PARCELLE NOTARILI;Inflazione - India (% a/a)
"PARCELLE LEGALI, FISCALI, NOTARILI";PARCELLE PER OPERAZ SOCIETARIE;Inflazione - India (% a/a)
"PARCELLE LEGALI, FISCALI, NOTARILI";PARCELLE ALTRE;Inflazione - Italia (% a/a)
"PARCELLE LEGALI, FISCALI, NOTARILI";PARCELLE FISCALI;Inflazione - Italia (% a/a)
"PARCELLE LEGALI, FISCALI, NOTARILI";PARCELLE LEGALI - RISCHIO OPERATIVO;Inflazione - Italia (% a/a)
"PARCELLE LEGALI, FISCALI, NOTARILI";PARCELLE LEGALI CAUSE PASSIVE;Inflazione - Italia (% a/a)
"PARCELLE LEGALI, FISCALI, NOTARILI";PARCELLE LEGALI CONTENZIOSO CREDITI;Inflazione - Italia (% a/a)
"PARCELLE LEGALI, FISCALI, NOTARILI";PARCELLE LEGALI NO CAUSE;Inflazione - Italia (% a/a)
"PARCELLE LEGALI, FISCALI, NOTARILI";PARCELLE NOTARILI;Inflazione - Italia (% a/a)
"PARCELLE LEGALI, FISCALI, NOTARILI";PARCELLE PER OPERAZ SOCIETARIE;Inflazione - Italia (% a/a)
"PARCELLE LEGALI, FISCALI, NOTARILI";PARCELLE ALTRE;Inflazione - USA (% a/a)
"PARCELLE LEGALI, FISCALI, NOTARILI";PARCELLE FISCALI;Inflazione - USA (% a/a)
"PARCELLE LEGALI, FISCALI, NOTARILI";PARCELLE LEGALI - RISCHIO OPERATIVO;Inflazione - USA (% a/a)
"PARCELLE LEGALI, FISCALI, NOTARILI";PARCELLE LEGALI CAUSE PASSIVE;Inflazione - USA (% a/a)
"PARCELLE LEGALI, FISCALI, NOTARILI";PARCELLE LEGALI CONTENZIOSO CREDITI;Inflazione - USA (% a/a)
"PARCELLE LEGALI, FISCALI, NOTARILI";PARCELLE LEGALI NO CAUSE;Inflazione - USA (% a/a)
"PARCELLE LEGALI, FISCALI, NOTARILI";PARCELLE NOTARILI;Inflazione - USA (% a/a)
"PARCELLE LEGALI, FISCALI, NOTARILI";PARCELLE PER OPERAZ SOCIETARIE;Inflazione - USA (% a/a)
"PARCELLE LEGALI, FISCALI, NOTARILI";PARCELLE ALTRE;Investimenti in macchinari - Italia (% a/a)
"PARCELLE LEGALI, FISCALI, NOTARILI";PARCELLE FISCALI;Investimenti in macchinari - Italia (% a/a)
"PARCELLE LEGALI, FISCALI, NOTARILI";PARCELLE LEGALI - RISCHIO OPERATIVO;Investimenti in macchinari - Italia (% a/a)
"PARCELLE LEGALI, FISCALI, NOTARILI";PARCELLE LEGALI CAUSE PASSIVE;Investimenti in macchinari - Italia (% a/a)
"PARCELLE LEGALI, FISCALI, NOTARILI";PARCELLE LEGALI CONTENZIOSO CREDITI;Investimenti in macchinari - Italia (% a/a)
"PARCELLE LEGALI, FISCALI, NOTARILI";PARCELLE LEGALI NO CAUSE;Investimenti in macchinari - Italia (% a/a)
"PARCELLE LEGALI, FISCALI, NOTARILI";PARCELLE NOTARILI;Investimenti in macchinari - Italia (% a/a)
"PARCELLE LEGALI, FISCALI, NOTARILI";PARCELLE PER OPERAZ SOCIETARIE;Investimenti in macchinari - Italia (% a/a)
"PARCELLE LEGALI, FISCALI, NOTARILI";PARCELLE ALTRE;Investimenti in macchinari - Italia (% t/t)
"PARCELLE LEGALI, FISCALI, NOTARILI";PARCELLE FISCALI;Investimenti in macchinari - Italia (% t/t)
"PARCELLE LEGALI, FISCALI, NOTARILI";PARCELLE LEGALI - RISCHIO OPERATIVO;Investimenti in macchinari - Italia (% t/t)
"PARCELLE LEGALI, FISCALI, NOTARILI";PARCELLE LEGALI CAUSE PASSIVE;Investimenti in macchinari - Italia (% t/t)
"PARCELLE LEGALI, FISCALI, NOTARILI";PARCELLE LEGALI CONTENZIOSO CREDITI;Investimenti in macchinari - Italia (% t/t)
"PARCELLE LEGALI, FISCALI, NOTARILI";PARCELLE LEGALI NO CAUSE;Investimenti in macchinari - Italia (% t/t)
"PARCELLE LEGALI, FISCALI, NOTARILI";PARCELLE NOTARILI;Investimenti in macchinari - Italia (% t/t)
"PARCELLE LEGALI, FISCALI, NOTARILI";PARCELLE PER OPERAZ SOCIETARIE;Investimenti in macchinari - Italia (% t/t)
"PARCELLE LEGALI, FISCALI, NOTARILI";PARCELLE ALTRE;Investimenti in macchinari - Italia (livello)
"PARCELLE LEGALI, FISCALI, NOTARILI";PARCELLE FISCALI;Investimenti in macchinari - Italia (livello)
"PARCELLE LEGALI, FISCALI, NOTARILI";PARCELLE LEGALI - RISCHIO OPERATIVO;Investimenti in macchinari - Italia (livello)
"PARCELLE LEGALI, FISCALI, NOTARILI";PARCELLE LEGALI CAUSE PASSIVE;Investimenti in macchinari - Italia (livello)
"PARCELLE LEGALI, FISCALI, NOTARILI";PARCELLE LEGALI CONTENZIOSO CREDITI;Investimenti in macchinari - Italia (livello)
"PARCELLE LEGALI, FISCALI, NOTARILI";PARCELLE LEGALI NO CAUSE;Investimenti in macchinari - Italia (livello)
"PARCELLE LEGALI, FISCALI, NOTARILI";PARCELLE NOTARILI;Investimenti in macchinari - Italia (livello)
"PARCELLE LEGALI, FISCALI, NOTARILI";PARCELLE PER OPERAZ SOCIETARIE;Investimenti in macchinari - Italia (livello)
"PARCELLE LEGALI, FISCALI, NOTARILI";PARCELLE ALTRE;IRS 10Y
"PARCELLE LEGALI, FISCALI, NOTARILI";PARCELLE FISCALI;IRS 10Y
"PARCELLE LEGALI, FISCALI, NOTARILI";PARCELLE LEGALI - RISCHIO OPERATIVO;IRS 10Y
"PARCELLE LEGALI, FISCALI, NOTARILI";PARCELLE LEGALI CAUSE PASSIVE;IRS 10Y
"PARCELLE LEGALI, FISCALI, NOTARILI";PARCELLE LEGALI CONTENZIOSO CREDITI;IRS 10Y
"PARCELLE LEGALI, FISCALI, NOTARILI";PARCELLE LEGALI NO CAUSE;IRS 10Y
"PARCELLE LEGALI, FISCALI, NOTARILI";PARCELLE NOTARILI;IRS 10Y
"PARCELLE LEGALI, FISCALI, NOTARILI";PARCELLE PER OPERAZ SOCIETARIE;IRS 10Y
"PARCELLE LEGALI, FISCALI, NOTARILI";PARCELLE ALTRE;PIL - Area Euro (% a/a)
"PARCELLE LEGALI, FISCALI, NOTARILI";PARCELLE FISCALI;PIL - Area Euro (% a/a)
"PARCELLE LEGALI, FISCALI, NOTARILI";PARCELLE LEGALI - RISCHIO OPERATIVO;PIL - Area Euro (% a/a)
"PARCELLE LEGALI, FISCALI, NOTARILI";PARCELLE LEGALI CAUSE PASSIVE;PIL - Area Euro (% a/a)
"PARCELLE LEGALI, FISCALI, NOTARILI";PARCELLE LEGALI CONTENZIOSO CREDITI;PIL - Area Euro (% a/a)
"PARCELLE LEGALI, FISCALI, NOTARILI";PARCELLE LEGALI NO CAUSE;PIL - Area Euro (% a/a)
"PARCELLE LEGALI, FISCALI, NOTARILI";PARCELLE NOTARILI;PIL - Area Euro (% a/a)
"PARCELLE LEGALI, FISCALI, NOTARILI";PARCELLE PER OPERAZ SOCIETARIE;PIL - Area Euro (% a/a)
"PARCELLE LEGALI, FISCALI, NOTARILI";PARCELLE ALTRE;PIL - Area Euro (% t/t)
"PARCELLE LEGALI, FISCALI, NOTARILI";PARCELLE FISCALI;PIL - Area Euro (% t/t)
"PARCELLE LEGALI, FISCALI, NOTARILI";PARCELLE LEGALI - RISCHIO OPERATIVO;PIL - Area Euro (% t/t)
"PARCELLE LEGALI, FISCALI, NOTARILI";PARCELLE LEGALI CAUSE PASSIVE;PIL - Area Euro (% t/t)
"PARCELLE LEGALI, FISCALI, NOTARILI";PARCELLE LEGALI CONTENZIOSO CREDITI;PIL - Area Euro (% t/t)
"PARCELLE LEGALI, FISCALI, NOTARILI";PARCELLE LEGALI NO CAUSE;PIL - Area Euro (% t/t)
"PARCELLE LEGALI, FISCALI, NOTARILI";PARCELLE NOTARILI;PIL - Area Euro (% t/t)
"PARCELLE LEGALI, FISCALI, NOTARILI";PARCELLE PER OPERAZ SOCIETARIE;PIL - Area Euro (% t/t)
"PARCELLE LEGALI, FISCALI, NOTARILI";PARCELLE ALTRE;PIL - Area Euro (livello)
"PARCELLE LEGALI, FISCALI, NOTARILI";PARCELLE FISCALI;PIL - Area Euro (livello)
"PARCELLE LEGALI, FISCALI, NOTARILI";PARCELLE LEGALI - RISCHIO OPERATIVO;PIL - Area Euro (livello)
"PARCELLE LEGALI, FISCALI, NOTARILI";PARCELLE LEGALI CAUSE PASSIVE;PIL - Area Euro (livello)
"PARCELLE LEGALI, FISCALI, NOTARILI";PARCELLE LEGALI CONTENZIOSO CREDITI;PIL - Area Euro (livello)
"PARCELLE LEGALI, FISCALI, NOTARILI";PARCELLE LEGALI NO CAUSE;PIL - Area Euro (livello)
"PARCELLE LEGALI, FISCALI, NOTARILI";PARCELLE NOTARILI;PIL - Area Euro (livello)
"PARCELLE LEGALI, FISCALI, NOTARILI";PARCELLE PER OPERAZ SOCIETARIE;PIL - Area Euro (livello)
"PARCELLE LEGALI, FISCALI, NOTARILI";PARCELLE ALTRE;PIL - Cina (% a/a)
"PARCELLE LEGALI, FISCALI, NOTARILI";PARCELLE FISCALI;PIL - Cina (% a/a)
"PARCELLE LEGALI, FISCALI, NOTARILI";PARCELLE LEGALI - RISCHIO OPERATIVO;PIL - Cina (% a/a)
"PARCELLE LEGALI, FISCALI, NOTARILI";PARCELLE LEGALI CAUSE PASSIVE;PIL - Cina (% a/a)
"PARCELLE LEGALI, FISCALI, NOTARILI";PARCELLE LEGALI CONTENZIOSO CREDITI;PIL - Cina (% a/a)
"PARCELLE LEGALI, FISCALI, NOTARILI";PARCELLE LEGALI NO CAUSE;PIL - Cina (% a/a)
"PARCELLE LEGALI, FISCALI, NOTARILI";PARCELLE NOTARILI;PIL - Cina (% a/a)
"PARCELLE LEGALI, FISCALI, NOTARILI";PARCELLE PER OPERAZ SOCIETARIE;PIL - Cina (% a/a)
"PARCELLE LEGALI, FISCALI, NOTARILI";PARCELLE ALTRE;PIL - Giappone (% a/a)
"PARCELLE LEGALI, FISCALI, NOTARILI";PARCELLE FISCALI;PIL - Giappone (% a/a)
"PARCELLE LEGALI, FISCALI, NOTARILI";PARCELLE LEGALI - RISCHIO OPERATIVO;PIL - Giappone (% a/a)
"PARCELLE LEGALI, FISCALI, NOTARILI";PARCELLE LEGALI CAUSE PASSIVE;PIL - Giappone (% a/a)
"PARCELLE LEGALI, FISCALI, NOTARILI";PARCELLE LEGALI CONTENZIOSO CREDITI;PIL - Giappone (% a/a)
"PARCELLE LEGALI, FISCALI, NOTARILI";PARCELLE LEGALI NO CAUSE;PIL - Giappone (% a/a)
"PARCELLE LEGALI, FISCALI, NOTARILI";PARCELLE NOTARILI;PIL - Giappone (% a/a)
"PARCELLE LEGALI, FISCALI, NOTARILI";PARCELLE PER OPERAZ SOCIETARIE;PIL - Giappone (% a/a)
"PARCELLE LEGALI, FISCALI, NOTARILI";PARCELLE ALTRE;PIL - India (% a/a)
"PARCELLE LEGALI, FISCALI, NOTARILI";PARCELLE FISCALI;PIL - India (% a/a)
"PARCELLE LEGALI, FISCALI, NOTARILI";PARCELLE LEGALI - RISCHIO OPERATIVO;PIL - India (% a/a)
"PARCELLE LEGALI, FISCALI, NOTARILI";PARCELLE LEGALI CAUSE PASSIVE;PIL - India (% a/a)
"PARCELLE LEGALI, FISCALI, NOTARILI";PARCELLE LEGALI CONTENZIOSO CREDITI;PIL - India (% a/a)
"PARCELLE LEGALI, FISCALI, NOTARILI";PARCELLE LEGALI NO CAUSE;PIL - India (% a/a)
"PARCELLE LEGALI, FISCALI, NOTARILI";PARCELLE NOTARILI;PIL - India (% a/a)
"PARCELLE LEGALI, FISCALI, NOTARILI";PARCELLE PER OPERAZ SOCIETARIE;PIL - India (% a/a)
"PARCELLE LEGALI, FISCALI, NOTARILI";PARCELLE ALTRE;PIL - Italia (% a/a)
"PARCELLE LEGALI, FISCALI, NOTARILI";PARCELLE FISCALI;PIL - Italia (% a/a)
"PARCELLE LEGALI, FISCALI, NOTARILI";PARCELLE LEGALI - RISCHIO OPERATIVO;PIL - Italia (% a/a)
"PARCELLE LEGALI, FISCALI, NOTARILI";PARCELLE LEGALI CAUSE PASSIVE;PIL - Italia (% a/a)
"PARCELLE LEGALI, FISCALI, NOTARILI";PARCELLE LEGALI CONTENZIOSO CREDITI;PIL - Italia (% a/a)
"PARCELLE LEGALI, FISCALI, NOTARILI";PARCELLE LEGALI NO CAUSE;PIL - Italia (% a/a)
"PARCELLE LEGALI, FISCALI, NOTARILI";PARCELLE NOTARILI;PIL - Italia (% a/a)
"PARCELLE LEGALI, FISCALI, NOTARILI";PARCELLE PER OPERAZ SOCIETARIE;PIL - Italia (% a/a)
"PARCELLE LEGALI, FISCALI, NOTARILI";PARCELLE ALTRE;PIL - Italia (% t/t)
"PARCELLE LEGALI, FISCALI, NOTARILI";PARCELLE FISCALI;PIL - Italia (% t/t)
"PARCELLE LEGALI, FISCALI, NOTARILI";PARCELLE LEGALI - RISCHIO OPERATIVO;PIL - Italia (% t/t)
"PARCELLE LEGALI, FISCALI, NOTARILI";PARCELLE LEGALI CAUSE PASSIVE;PIL - Italia (% t/t)
"PARCELLE LEGALI, FISCALI, NOTARILI";PARCELLE LEGALI CONTENZIOSO CREDITI;PIL - Italia (% t/t)
"PARCELLE LEGALI, FISCALI, NOTARILI";PARCELLE LEGALI NO CAUSE;PIL - Italia (% t/t)
"PARCELLE LEGALI, FISCALI, NOTARILI";PARCELLE NOTARILI;PIL - Italia (% t/t)
"PARCELLE LEGALI, FISCALI, NOTARILI";PARCELLE PER OPERAZ SOCIETARIE;PIL - Italia (% t/t)
"PARCELLE LEGALI, FISCALI, NOTARILI";PARCELLE ALTRE;PIL - Italia (livello)
"PARCELLE LEGALI, FISCALI, NOTARILI";PARCELLE FISCALI;PIL - Italia (livello)
"PARCELLE LEGALI, FISCALI, NOTARILI";PARCELLE LEGALI - RISCHIO OPERATIVO;PIL - Italia (livello)
"PARCELLE LEGALI, FISCALI, NOTARILI";PARCELLE LEGALI CAUSE PASSIVE;PIL - Italia (livello)
"PARCELLE LEGALI, FISCALI, NOTARILI";PARCELLE LEGALI CONTENZIOSO CREDITI;PIL - Italia (livello)
"PARCELLE LEGALI, FISCALI, NOTARILI";PARCELLE LEGALI NO CAUSE;PIL - Italia (livello)
"PARCELLE LEGALI, FISCALI, NOTARILI";PARCELLE NOTARILI;PIL - Italia (livello)
"PARCELLE LEGALI, FISCALI, NOTARILI";PARCELLE PER OPERAZ SOCIETARIE;PIL - Italia (livello)
"PARCELLE LEGALI, FISCALI, NOTARILI";PARCELLE ALTRE;PIL - USA (% a/a)
"PARCELLE LEGALI, FISCALI, NOTARILI";PARCELLE FISCALI;PIL - USA (% a/a)
"PARCELLE LEGALI, FISCALI, NOTARILI";PARCELLE LEGALI - RISCHIO OPERATIVO;PIL - USA (% a/a)
"PARCELLE LEGALI, FISCALI, NOTARILI";PARCELLE LEGALI CAUSE PASSIVE;PIL - USA (% a/a)
"PARCELLE LEGALI, FISCALI, NOTARILI";PARCELLE LEGALI CONTENZIOSO CREDITI;PIL - USA (% a/a)
"PARCELLE LEGALI, FISCALI, NOTARILI";PARCELLE LEGALI NO CAUSE;PIL - USA (% a/a)
"PARCELLE LEGALI, FISCALI, NOTARILI";PARCELLE NOTARILI;PIL - USA (% a/a)
"PARCELLE LEGALI, FISCALI, NOTARILI";PARCELLE PER OPERAZ SOCIETARIE;PIL - USA (% a/a)
"PARCELLE LEGALI, FISCALI, NOTARILI";PARCELLE ALTRE;PIL - USA (% t/t)
"PARCELLE LEGALI, FISCALI, NOTARILI";PARCELLE FISCALI;PIL - USA (% t/t)
"PARCELLE LEGALI, FISCALI, NOTARILI";PARCELLE LEGALI - RISCHIO OPERATIVO;PIL - USA (% t/t)
"PARCELLE LEGALI, FISCALI, NOTARILI";PARCELLE LEGALI CAUSE PASSIVE;PIL - USA (% t/t)
"PARCELLE LEGALI, FISCALI, NOTARILI";PARCELLE LEGALI CONTENZIOSO CREDITI;PIL - USA (% t/t)
"PARCELLE LEGALI, FISCALI, NOTARILI";PARCELLE LEGALI NO CAUSE;PIL - USA (% t/t)
"PARCELLE LEGALI, FISCALI, NOTARILI";PARCELLE NOTARILI;PIL - USA (% t/t)
"PARCELLE LEGALI, FISCALI, NOTARILI";PARCELLE PER OPERAZ SOCIETARIE;PIL - USA (% t/t)
"PARCELLE LEGALI, FISCALI, NOTARILI";PARCELLE ALTRE;PIL - USA (livello)
"PARCELLE LEGALI, FISCALI, NOTARILI";PARCELLE FISCALI;PIL - USA (livello)
"PARCELLE LEGALI, FISCALI, NOTARILI";PARCELLE LEGALI - RISCHIO OPERATIVO;PIL - USA (livello)
"PARCELLE LEGALI, FISCALI, NOTARILI";PARCELLE LEGALI CAUSE PASSIVE;PIL - USA (livello)
"PARCELLE LEGALI, FISCALI, NOTARILI";PARCELLE LEGALI CONTENZIOSO CREDITI;PIL - USA (livello)
"PARCELLE LEGALI, FISCALI, NOTARILI";PARCELLE LEGALI NO CAUSE;PIL - USA (livello)
"PARCELLE LEGALI, FISCALI, NOTARILI";PARCELLE NOTARILI;PIL - USA (livello)
"PARCELLE LEGALI, FISCALI, NOTARILI";PARCELLE PER OPERAZ SOCIETARIE;PIL - USA (livello)
"PARCELLE LEGALI, FISCALI, NOTARILI";PARCELLE ALTRE;Prezzi immobili (% a/a)
"PARCELLE LEGALI, FISCALI, NOTARILI";PARCELLE FISCALI;Prezzi immobili (% a/a)
"PARCELLE LEGALI, FISCALI, NOTARILI";PARCELLE LEGALI - RISCHIO OPERATIVO;Prezzi immobili (% a/a)
"PARCELLE LEGALI, FISCALI, NOTARILI";PARCELLE LEGALI CAUSE PASSIVE;Prezzi immobili (% a/a)
"PARCELLE LEGALI, FISCALI, NOTARILI";PARCELLE LEGALI CONTENZIOSO CREDITI;Prezzi immobili (% a/a)
"PARCELLE LEGALI, FISCALI, NOTARILI";PARCELLE LEGALI NO CAUSE;Prezzi immobili (% a/a)
"PARCELLE LEGALI, FISCALI, NOTARILI";PARCELLE NOTARILI;Prezzi immobili (% a/a)
"PARCELLE LEGALI, FISCALI, NOTARILI";PARCELLE PER OPERAZ SOCIETARIE;Prezzi immobili (% a/a)
"PARCELLE LEGALI, FISCALI, NOTARILI";PARCELLE ALTRE;S&P
"PARCELLE LEGALI, FISCALI, NOTARILI";PARCELLE FISCALI;S&P
"PARCELLE LEGALI, FISCALI, NOTARILI";PARCELLE LEGALI - RISCHIO OPERATIVO;S&P
"PARCELLE LEGALI, FISCALI, NOTARILI";PARCELLE LEGALI CAUSE PASSIVE;S&P
"PARCELLE LEGALI, FISCALI, NOTARILI";PARCELLE LEGALI CONTENZIOSO CREDITI;S&P
"PARCELLE LEGALI, FISCALI, NOTARILI";PARCELLE LEGALI NO CAUSE;S&P
"PARCELLE LEGALI, FISCALI, NOTARILI";PARCELLE NOTARILI;S&P
"PARCELLE LEGALI, FISCALI, NOTARILI";PARCELLE PER OPERAZ SOCIETARIE;S&P
"PARCELLE LEGALI, FISCALI, NOTARILI";PARCELLE ALTRE;SPREAD ITA GER
"PARCELLE LEGALI, FISCALI, NOTARILI";PARCELLE FISCALI;SPREAD ITA GER
"PARCELLE LEGALI, FISCALI, NOTARILI";PARCELLE LEGALI - RISCHIO OPERATIVO;SPREAD ITA GER
"PARCELLE LEGALI, FISCALI, NOTARILI";PARCELLE LEGALI CAUSE PASSIVE;SPREAD ITA GER
"PARCELLE LEGALI, FISCALI, NOTARILI";PARCELLE LEGALI CONTENZIOSO CREDITI;SPREAD ITA GER
"PARCELLE LEGALI, FISCALI, NOTARILI";PARCELLE LEGALI NO CAUSE;SPREAD ITA GER
"PARCELLE LEGALI, FISCALI, NOTARILI";PARCELLE NOTARILI;SPREAD ITA GER
"PARCELLE LEGALI, FISCALI, NOTARILI";PARCELLE PER OPERAZ SOCIETARIE;SPREAD ITA GER
"PARCELLE LEGALI, FISCALI, NOTARILI";PARCELLE ALTRE;Tasso BCE
"PARCELLE LEGALI, FISCALI, NOTARILI";PARCELLE FISCALI;Tasso BCE
"PARCELLE LEGALI, FISCALI, NOTARILI";PARCELLE LEGALI - RISCHIO OPERATIVO;Tasso BCE
"PARCELLE LEGALI, FISCALI, NOTARILI";PARCELLE LEGALI CAUSE PASSIVE;Tasso BCE
"PARCELLE LEGALI, FISCALI, NOTARILI";PARCELLE LEGALI CONTENZIOSO CREDITI;Tasso BCE
"PARCELLE LEGALI, FISCALI, NOTARILI";PARCELLE LEGALI NO CAUSE;Tasso BCE
"PARCELLE LEGALI, FISCALI, NOTARILI";PARCELLE NOTARILI;Tasso BCE
"PARCELLE LEGALI, FISCALI, NOTARILI";PARCELLE PER OPERAZ SOCIETARIE;Tasso BCE
"PARCELLE LEGALI, FISCALI, NOTARILI";PARCELLE ALTRE;Tasso di disoccupazione - Italia
"PARCELLE LEGALI, FISCALI, NOTARILI";PARCELLE FISCALI;Tasso di disoccupazione - Italia
"PARCELLE LEGALI, FISCALI, NOTARILI";PARCELLE LEGALI - RISCHIO OPERATIVO;Tasso di disoccupazione - Italia
"PARCELLE LEGALI, FISCALI, NOTARILI";PARCELLE LEGALI CAUSE PASSIVE;Tasso di disoccupazione - Italia
"PARCELLE LEGALI, FISCALI, NOTARILI";PARCELLE LEGALI CONTENZIOSO CREDITI;Tasso di disoccupazione - Italia
"PARCELLE LEGALI, FISCALI, NOTARILI";PARCELLE LEGALI NO CAUSE;Tasso di disoccupazione - Italia
"PARCELLE LEGALI, FISCALI, NOTARILI";PARCELLE NOTARILI;Tasso di disoccupazione - Italia
"PARCELLE LEGALI, FISCALI, NOTARILI";PARCELLE PER OPERAZ SOCIETARIE;Tasso di disoccupazione - Italia
"PARCELLE LEGALI, FISCALI, NOTARILI";PARCELLE ALTRE;Tasso FED
"PARCELLE LEGALI, FISCALI, NOTARILI";PARCELLE FISCALI;Tasso FED
"PARCELLE LEGALI, FISCALI, NOTARILI";PARCELLE LEGALI - RISCHIO OPERATIVO;Tasso FED
"PARCELLE LEGALI, FISCALI, NOTARILI";PARCELLE LEGALI CAUSE PASSIVE;Tasso FED
"PARCELLE LEGALI, FISCALI, NOTARILI";PARCELLE LEGALI CONTENZIOSO CREDITI;Tasso FED
"PARCELLE LEGALI, FISCALI, NOTARILI";PARCELLE LEGALI NO CAUSE;Tasso FED
"PARCELLE LEGALI, FISCALI, NOTARILI";PARCELLE NOTARILI;Tasso FED
"PARCELLE LEGALI, FISCALI, NOTARILI";PARCELLE PER OPERAZ SOCIETARIE;Tasso FED
"PARCELLE LEGALI, FISCALI, NOTARILI";PARCELLE ALTRE;Ftse Mib
"PARCELLE LEGALI, FISCALI, NOTARILI";PARCELLE FISCALI;Ftse Mib
"PARCELLE LEGALI, FISCALI, NOTARILI";PARCELLE LEGALI - RISCHIO OPERATIVO;Ftse Mib
"PARCELLE LEGALI, FISCALI, NOTARILI";PARCELLE LEGALI CAUSE PASSIVE;Ftse Mib
"PARCELLE LEGALI, FISCALI, NOTARILI";PARCELLE LEGALI CONTENZIOSO CREDITI;Ftse Mib
"PARCELLE LEGALI, FISCALI, NOTARILI";PARCELLE LEGALI NO CAUSE;Ftse Mib
"PARCELLE LEGALI, FISCALI, NOTARILI";PARCELLE NOTARILI;Ftse Mib
"PARCELLE LEGALI, FISCALI, NOTARILI";PARCELLE PER OPERAZ SOCIETARIE;Ftse Mib
